"Player","year","rz_ATT","rz_YDS_rush","rz_Y/A","rz_TD_rush","rz_PCT","rz_REC","rz_TGT","rz_REC PCT","rz_YDS_rec","rz_Y/R","rz_TD_rec","rz_TGT PCT","rz_FL","rz_G","rz_FPTS","rz_FPTS/G","rz_ROST %","rz_TD_total","rz_YDS_total"
Todd Gurley,2018,64,204,3.2,17,"87.7%",9,19,"47.4%",78,8.7,3,"95.0%",0,14,157.2,11.2,"0.1%",20,282
Alvin Kamara,2018,51,174,3.4,13,"63.0%",21,26,"80.8%",128,6.1,3,"78.8%",0,15,147.2,9.8,"97.1%",16,302
Christian McCaffrey,2018,46,134,2.9,7,"82.1%",14,16,"87.5%",90,6.4,5,"94.1%",1,16,106.4,6.7,"100.0%",12,224
Melvin GordonI,2018,23,128,5.6,8,"48.9%",8,13,"61.5%",33,4.1,3,"65.0%",0,12,90.1,7.5,"0.0%",11,161
James Conner,2018,34,90,2.6,10,"75.6%",6,7,"85.7%",36,6.0,1,"53.8%",0,13,84.6,6.5,"91.2%",11,126
Saquon Barkley,2018,44,82,1.9,6,"83.0%",11,15,"73.3%",69,6.3,3,"78.9%",0,16,80.1,5.0,"100.0%",9,151
James White,2018,21,30,1.4,3,"26.3%",14,20,"70.0%",88,6.3,6,"66.7%",0,16,79.8,5.0,"0.1%",9,118
Derrick Henry,2018,43,168,3.9,10,"65.2%",2,2,"100.0%",2,1.0,0,"20.0%",0,16,79.0,4.9,"99.9%",10,170
Kareem Hunt,2018,27,69,2.6,7,"56.3%",6,9,"66.7%",54,9.0,3,"40.9%",0,11,78.3,7.1,"0.7%",10,123
Ezekiel Elliott,2018,39,105,2.7,5,"90.7%",12,17,"70.6%",70,5.8,2,"85.0%",0,15,71.5,4.8,"80.7%",7,175
Joe Mixon,2018,32,82,2.6,8,"78.0%",5,8,"62.5%",36,7.2,1,"88.9%",0,14,70.8,5.1,"98.8%",9,118
David Johnson,2018,27,76,2.8,7,"77.1%",6,10,"60.0%",32,5.3,1,"83.3%",0,16,64.8,4.1,"0.0%",8,108
Chris Carson,2018,40,101,2.5,8,"57.1%",3,3,"100.0%",15,5.0,0,"50.0%",0,14,62.6,4.5,"0.3%",8,116
Marlon Mack,2018,32,96,3.0,8,"53.3%",2,2,"100.0%",11,5.5,0,"12.5%",0,12,60.7,5.1,"0.0%",8,107
Alex Collins,2018,21,94,4.5,7,"40.4%",3,5,"60.0%",17,5.7,1,"45.5%",1,10,60.1,6.0,"19.0%",8,111
Tarik Cohen,2018,11,51,4.6,1,"26.2%",11,14,"78.6%",76,6.9,4,"66.7%",0,16,57.7,3.6,"0.0%",5,127
Nick Chubb,2018,26,57,2.2,5,"50.0%",4,4,"100.0%",39,9.8,2,"30.8%",0,16,55.6,3.5,"82.9%",7,96
Jordan Howard,2018,30,95,3.2,7,"71.4%",3,5,"60.0%",6,2.0,0,"23.8%",1,16,53.1,3.3,"0.0%",7,101
Phillip Lindsay,2018,29,87,3.0,6,"59.2%",4,5,"80.0%",23,5.8,0,"45.5%",0,15,51.0,3.4,"0.0%",6,110
Aaron Jones,2018,18,88,4.9,6,"47.4%",2,3,"66.7%",9,4.5,0,"30.0%",0,12,47.7,4.0,"94.7%",6,97
Tevin Coleman,2018,16,39,2.4,1,"38.1%",8,10,"80.0%",51,6.4,4,"62.5%",0,16,47.0,2.9,"0.0%",5,90
Mark Ingram,2018,26,92,3.5,6,"32.1%",1,1,"100.0%",1,1.0,0,"3.0%",0,12,46.3,3.9,"0.1%",6,93
Peyton Barber,2018,36,78,2.2,5,"80.0%",2,5,"40.0%",12,6.0,1,"31.3%",1,16,45.0,2.8,"1.0%",6,90
Leonard Fournette,2018,22,40,1.8,5,"61.1%",3,3,"100.0%",17,5.7,1,"25.0%",0,8,44.7,5.6,"2.1%",6,57
Adrian Peterson,2018,31,55,1.8,5,"73.8%",2,3,"66.7%",15,7.5,1,"33.3%",1,16,43.0,2.7,"2.4%",6,70
Nyheim Hines,2018,22,54,2.5,2,"36.7%",8,9,"88.9%",47,5.9,2,"56.3%",0,16,42.1,2.6,"0.8%",4,101
Sony Michel,2018,41,103,2.5,5,"51.3%",1,1,"100.0%",7,7.0,0,"3.3%",0,13,42.0,3.2,"0.0%",5,110
Damien Williams,2018,7,24,3.4,3,"14.6%",7,7,"100.0%",24,3.4,2,"31.8%",0,16,41.8,2.6,"0.0%",5,48
Javorius Allen,2018,11,12,1.1,3,"21.2%",6,6,"100.0%",36,6.0,2,"54.5%",0,14,40.8,2.9,"0.1%",5,48
Matt Breida,2018,23,62,2.7,2,"38.3%",4,4,"100.0%",37,9.3,2,"26.7%",0,14,37.9,2.7,"0.1%",4,99
Ito Smith,2018,21,58,2.8,4,"50.0%",3,4,"75.0%",21,7.0,0,"25.0%",0,14,34.9,2.5,"0.0%",4,79
Royce Freeman,2018,18,49,2.7,5,"36.7%",0,0,"0%",0,0.0,0,"0.0%",0,14,34.9,2.5,"0.4%",5,49
Kerryon Johnson,2018,17,58,3.4,3,"30.4%",3,6,"50.0%",19,6.3,1,"33.3%",0,10,34.7,3.5,"0.0%",4,77
Wendell Smallwood,2018,14,43,3.1,3,"22.2%",3,5,"60.0%",28,9.3,1,"38.5%",0,16,34.1,2.1,"0.0%",4,71
Carlos Hyde,2018,22,38,1.7,5,"42.3%",0,1,"0.0%",0,0.0,0,"7.7%",0,14,33.8,2.4,"0.0%",5,38
TJ Yeldon,2018,12,44,3.7,1,"33.3%",3,6,"50.0%",21,7.0,3,"50.0%",0,14,33.5,2.4,"0.0%",4,65
Mike Davis,2018,20,76,3.8,3,"28.6%",1,1,"100.0%",3,3.0,1,"16.7%",0,15,32.9,2.2,"1.0%",4,79
LeGarrette Blount,2018,25,25,1.0,5,"44.6%",0,0,"0%",0,0.0,0,"0.0%",0,16,32.5,2.0,"0.1%",5,25
Latavius Murray,2018,21,52,2.5,4,"53.8%",2,2,"100.0%",10,5.0,0,"28.6%",0,16,32.2,2.0,"0.0%",4,62
Kenyan Drake,2018,12,49,4.1,3,"42.9%",3,7,"42.9%",16,5.3,1,"58.3%",1,16,31.5,2.0,"0.0%",4,65
Elijah McGuire,2018,12,28,2.3,3,"28.6%",1,2,"50.0%",20,20.0,1,"40.0%",0,8,29.8,3.7,"0.0%",4,48
Duke Johnson,2018,4,9,2.3,0,"7.7%",6,8,"75.0%",43,7.2,3,"61.5%",0,16,29.2,1.8,"0.0%",3,52
Lamar Miller,2018,29,35,1.2,3,"65.9%",1,2,"50.0%",4,4.0,1,"33.3%",0,14,28.9,2.1,"0.0%",4,39
Doug Martin,2018,31,91,2.9,3,"50.0%",1,2,"50.0%",6,6.0,0,"16.7%",0,16,28.7,1.8,"0.0%",3,97
Jaylen Samuels,2018,7,19,2.7,0,"15.6%",5,5,"100.0%",35,7.0,3,"38.5%",0,14,28.4,2.0,"0.0%",3,54
Isaiah Crowell,2018,16,43,2.7,4,"38.1%",0,1,"0.0%",0,0.0,0,"20.0%",0,13,28.3,2.2,"0.1%",4,43
Austin Ekeler,2018,15,43,2.9,2,"31.9%",4,5,"80.0%",28,7.0,1,"25.0%",1,14,27.1,1.9,"84.3%",3,71
Dion Lewis,2018,23,41,1.8,1,"34.8%",7,8,"87.5%",38,5.4,1,"80.0%",0,16,26.9,1.7,"2.0%",2,79
James Develin,2018,4,6,1.5,4,"5.0%",1,1,"100.0%",-1,-1.0,0,"3.3%",0,16,25.5,1.6,"0.0%",4,5
Marshawn Lynch,2018,15,29,1.9,3,"24.2%",4,5,"80.0%",5,1.3,0,"41.7%",0,6,25.4,4.2,"0.3%",3,34
Jamaal Williams,2018,14,25,1.8,3,"36.8%",2,3,"66.7%",12,6.0,0,"30.0%",0,16,23.7,1.5,"2.8%",3,37
Giovani Bernard,2018,8,23,2.9,3,"19.5%",1,1,"100.0%",14,14.0,0,"11.1%",0,12,22.7,1.9,"0.0%",3,37
Corey Clement,2018,16,57,3.6,2,"25.4%",2,2,"100.0%",13,6.5,0,"15.4%",0,11,21.0,1.9,"0.0%",2,70
Kapri Bibbs,2018,7,23,3.3,3,"16.7%",0,0,"0%",0,0.0,0,"0.0%",0,12,20.3,1.7,"0.1%",3,23
Jay Ajayi,2018,11,28,2.5,3,"17.5%",1,2,"50.0%",4,4.0,0,"15.4%",1,4,20.2,5.1,"7.0%",3,32
Rashaad Penny,2018,9,52,5.8,2,"12.9%",1,1,"100.0%",4,4.0,0,"16.7%",0,14,18.6,1.3,"0.1%",2,56
Zach Line,2018,1,-1,-1.0,0,"1.2%",5,6,"83.3%",14,2.8,2,"18.2%",0,16,18.3,1.1,"0.0%",2,13
Gus Edwards,2018,15,52,3.5,2,"28.8%",0,0,"0%",0,0.0,0,"0.0%",0,11,17.2,1.6,"75.4%",2,52
Darren Sproles,2018,5,21,4.2,1,"7.9%",2,4,"50.0%",9,4.5,1,"30.8%",0,6,17.0,2.8,"0.1%",2,30
Alfred Blue,2018,14,16,1.1,2,"31.8%",2,3,"66.7%",7,3.5,0,"50.0%",0,16,16.3,1.0,"0.0%",2,23
Josh Adams,2018,17,40,2.4,2,"27.0%",0,0,"0%",0,0.0,0,"0.0%",0,16,16.0,1.0,"0.0%",2,40
Cordarrelle Patterson,2018,9,25,2.8,1,"11.3%",1,3,"33.3%",1,1.0,1,"10.0%",0,15,15.6,1.0,"0.9%",2,26
Spencer Ware,2018,12,21,1.8,2,"25.0%",1,2,"50.0%",4,4.0,0,"9.1%",0,13,15.5,1.2,"0.0%",2,25
Frank Gore,2018,13,41,3.2,0,"46.4%",3,3,"100.0%",22,7.3,1,"25.0%",0,14,15.3,1.1,"12.1%",1,63
Jordan Wilkins,2018,4,25,6.3,1,"6.7%",5,5,"100.0%",17,3.4,0,"31.3%",0,16,15.2,1.0,"0.0%",1,42
Jacquizz Rodgers,2018,4,13,3.3,1,"8.9%",5,6,"83.3%",28,5.6,0,"37.5%",0,16,15.1,0.9,"0.0%",1,41
Dalvin Cook,2018,15,25,1.7,1,"38.5%",2,2,"100.0%",6,3.0,1,"28.6%",1,11,15.1,1.4,"0.7%",2,31
Justin Jackson,2018,5,30,6.0,2,"10.6%",0,2,"0.0%",0,0.0,0,"10.0%",0,13,15.0,1.2,"0.0%",2,30
Chase Edmonds,2018,8,28,3.5,2,"22.9%",0,0,"0%",0,0.0,0,"0.0%",0,16,14.8,0.9,"0.5%",2,28
Brandon Bolden,2018,2,13,6.5,1,"7.1%",1,1,"100.0%",4,4.0,1,"8.3%",0,16,14.7,0.9,"0.0%",2,17
Zach Zenner,2018,6,25,4.2,2,"10.7%",0,0,"0%",0,0.0,0,"0.0%",0,8,14.5,1.8,"0.0%",2,25
Jalen Richard,2018,8,34,4.3,1,"12.9%",3,4,"75.0%",20,6.7,0,"33.3%",0,16,14.4,0.9,"1.0%",1,54
Devontae Booker,2018,2,17,8.5,1,"4.1%",4,6,"66.7%",23,5.8,0,"54.5%",0,16,14.0,0.9,"0.0%",1,40
Theo Riddick,2018,8,21,2.6,0,"14.3%",8,10,"80.0%",39,4.9,0,"55.6%",0,14,14.0,1.0,"0.0%",0,60
Kenneth Dixon,2018,5,12,2.4,2,"9.6%",0,0,"0%",0,0.0,0,"0.0%",0,6,13.2,2.2,"0.1%",2,12
Alex Armah,2018,4,2,0.5,2,"7.1%",0,0,"0%",0,0.0,0,"0.0%",0,16,12.2,0.8,"0.0%",2,2
Chris Thompson,2018,3,1,0.3,0,"7.1%",3,4,"75.0%",24,8.0,1,"44.4%",0,10,11.5,1.2,"0.0%",1,25
LeSean McCoy,2018,20,37,1.9,1,"52.6%",1,1,"100.0%",3,3.0,0,"33.3%",0,14,11.0,0.8,"2.0%",1,40
Malcolm Brown,2018,8,16,2.0,0,"11.0%",1,1,"100.0%",18,18.0,1,"5.0%",0,12,10.4,0.9,"0.0%",1,34
CJ Anderson,2018,6,28,4.7,1,"10.7%",1,1,"100.0%",-5,-5.0,0,"5.9%",0,11,9.3,0.8,"1.0%",1,23
Ronald Jones,2018,5,13,2.6,1,"11.1%",1,2,"50.0%",5,5.0,0,"12.5%",0,9,8.8,1.0,"0.0%",1,18
Ty Montgomery,2018,6,28,4.7,1,"15.8%",0,3,"0.0%",0,0.0,0,"30.0%",0,13,8.8,0.7,"0.0%",1,28
D'Onta Foreman,2018,1,-3,-3.0,0,"2.3%",1,1,"100.0%",20,20.0,1,"16.7%",0,1,8.7,8.7,"2.8%",1,17
Darrel Williams,2018,1,5,5.0,0,"2.1%",1,1,"100.0%",11,11.0,1,"4.5%",0,6,8.6,1.4,"0.0%",1,16
Jeff Wilson,2018,11,48,4.4,0,"18.3%",4,5,"80.0%",18,4.5,0,"33.3%",1,6,8.6,1.4,"0.6%",0,66
Taquan Mizzell,2018,1,0,0.0,0,"2.4%",1,2,"50.0%",10,10.0,1,"9.5%",0,9,8.0,0.9,"0.0%",1,10
Chris Ivory,2018,9,7,0.8,1,"23.7%",0,0,"0%",0,0.0,0,"0.0%",0,13,6.7,0.5,"0.0%",1,7
Trenton Cannon,2018,4,7,1.8,1,"9.5%",0,1,"0.0%",0,0.0,0,"20.0%",0,16,6.7,0.4,"0.0%",1,7
Alfred Morris,2018,22,22,1.0,1,"36.7%",0,0,"0%",0,0.0,0,"0.0%",1,12,6.2,0.5,"0.0%",1,22
Stevan Ridley,2018,4,2,0.5,1,"8.9%",0,0,"0%",0,0.0,0,"0.0%",0,10,6.2,0.6,"0.0%",1,2
Kyle Juszczyk,2018,3,2,0.7,0,"5.0%",3,6,"50.0%",19,6.3,0,"40.0%",0,16,5.1,0.3,"0.7%",0,21
Marcus Murphy,2018,8,15,1.9,0,"21.1%",2,2,"100.0%",5,2.5,0,"66.7%",0,11,4.0,0.4,"0.0%",0,20
Anthony Sherman,2018,0,0,0.0,0,"0.0%",2,3,"66.7%",14,7.0,0,"13.6%",0,16,3.4,0.2,"0.0%",0,14
Corey Grant,2018,0,0,0.0,0,"0.0%",2,2,"100.0%",11,5.5,0,"16.7%",0,5,3.1,0.6,"0.0%",0,11
Wayne Gallman,2018,9,27,3.0,0,"17.0%",0,3,"0.0%",0,0.0,0,"15.8%",0,15,2.7,0.2,"0.0%",0,27
DeAndre Washington,2018,7,21,3.0,0,"11.3%",0,0,"0%",0,0.0,0,"0.0%",0,10,2.1,0.2,"11.0%",0,21
Rex Burkhead,2018,2,5,2.5,0,"2.5%",1,5,"20.0%",6,6.0,0,"16.7%",0,8,2.1,0.3,"10.0%",0,11
Ameer Abdullah,2018,0,0,0.0,0,"0.0%",1,1,"100.0%",10,10.0,0,"14.3%",0,10,2.0,0.2,"0.5%",0,10
Rod Smith,2018,4,7,1.8,0,"9.3%",1,1,"100.0%",0,0.0,0,"5.0%",0,16,1.7,0.1,"0.0%",0,7
Byron Marshall,2018,1,1,1.0,0,"2.4%",1,1,"100.0%",6,6.0,0,"11.1%",0,6,1.7,0.3,"0.1%",0,7
Shaun Wilson,2018,0,0,0.0,0,"0.0%",1,3,"33.3%",5,5.0,0,"18.8%",0,5,1.5,0.3,"0.0%",0,5
Jamize Olawale,2018,0,0,0.0,0,"0.0%",1,2,"50.0%",3,3.0,0,"10.0%",0,16,1.3,0.1,"0.0%",0,3
TJ Logan,2018,0,0,0.0,0,"0.0%",1,1,"100.0%",3,3.0,0,"8.3%",0,10,1.3,0.1,"0.0%",0,3
Elijhaa Penny,2018,0,0,0.0,0,"0.0%",1,1,"100.0%",3,3.0,0,"5.3%",0,14,1.3,0.1,"0.0%",0,3
Keith Smith,2018,1,0,0.0,0,"1.6%",1,1,"100.0%",2,2.0,0,"8.3%",0,16,1.2,0.1,"0.0%",0,2
Samaje Perine,2018,0,0,0.0,0,"0.0%",1,1,"100.0%",0,0.0,0,"11.1%",0,5,1.0,0.2,"0.9%",0,0
Kenjon Barner,2018,3,8,2.7,0,"3.8%",0,0,"0%",0,0.0,0,"0.0%",0,9,0.8,0.1,"0.0%",0,8
Mike Gillislee,2018,2,8,4.0,0,"2.5%",0,0,"0%",0,0.0,0,"0.0%",0,4,0.8,0.2,"0.0%",0,8
Detrez Newsome,2018,3,7,2.3,0,"6.4%",0,0,"0%",0,0.0,0,"0.0%",0,9,0.7,0.1,"0.0%",0,7
Jeremy McNichols,2018,1,7,7.0,0,"1.7%",0,0,"0%",0,0.0,0,"0.0%",0,1,0.7,0.7,"0.0%",0,7
JD McKissic,2018,1,6,6.0,0,"1.4%",0,1,"0.0%",0,0.0,0,"16.7%",0,5,0.6,0.1,"0.0%",0,6
Kalen Ballage,2018,1,-2,-2.0,0,"3.6%",1,1,"100.0%",-3,-3.0,0,"8.3%",0,12,0.5,0.0,"0.0%",0,-5
Mark Walton,2018,1,4,4.0,0,"2.4%",0,0,"0%",0,0.0,0,"0.0%",0,14,0.4,0.0,"2.0%",0,4
John Kelly,2018,1,4,4.0,0,"1.4%",0,0,"0%",0,0.0,0,"0.0%",0,4,0.4,0.1,"0.0%",0,4
Brandon Wilds,2018,1,4,4.0,0,"2.8%",0,0,"0%",0,0.0,0,"0.0%",0,3,0.4,0.1,"0.0%",0,4
Devonta Freeman,2018,3,4,1.3,0,"7.1%",0,1,"0.0%",0,0.0,0,"6.3%",0,2,0.4,0.2,"0.0%",0,4
Bilal Powell,2018,10,4,0.4,0,"23.8%",0,1,"0.0%",0,0.0,0,"20.0%",0,7,0.4,0.1,"0.0%",0,4
Brian Hill,2018,2,4,2.0,0,"4.8%",0,1,"0.0%",0,0.0,0,"6.3%",0,10,0.4,0.0,"0.0%",0,4
Robert Turbin,2018,1,3,3.0,0,"1.7%",0,0,"0%",0,0.0,0,"0.0%",0,2,0.3,0.2,"0.0%",0,3
Roc Thomas,2018,2,2,1.0,0,"5.1%",0,2,"0.0%",0,0.0,0,"28.6%",0,5,0.2,0.0,"0.0%",0,2
Charcandrick West,2018,1,1,1.0,0,"2.1%",0,0,"0%",0,0.0,0,"0.0%",0,3,0.1,0.0,"0.0%",0,1
Danny Vitale,2018,0,0,0.0,0,"0.0%",0,1,"0.0%",0,0.0,0,"10.0%",0,5,0.0,0.0,"0.0%",0,0
Tommy Bohanon,2018,1,0,0.0,0,"2.8%",0,1,"0.0%",0,0.0,0,"8.3%",0,16,0.0,0.0,"0.0%",0,0
Patrick Ricard,2018,0,0,0.0,0,"0.0%",0,0,"0%",0,0.0,0,"0.0%",0,10,0.0,0.0,"0.1%",0,0
Derrick Coleman,2018,0,0,0.0,0,"0.0%",0,1,"0.0%",0,0.0,0,"8.3%",0,16,0.0,0.0,"0.1%",0,0
Senorise Perry,2018,0,0,0.0,0,"0.0%",0,0,"0%",0,0.0,0,"0.0%",0,16,0.0,0.0,"0.0%",0,0
Roosevelt Nix,2018,0,0,0.0,0,"0.0%",0,1,"0.0%",0,0.0,0,"7.7%",0,16,0.0,0.0,"0.0%",0,0
Raheem Mostert,2018,1,0,0.0,0,"1.7%",0,0,"0%",0,0.0,0,"0.0%",0,9,0.0,0.0,"89.8%",0,0
Derek Watt,2018,1,0,0.0,0,"2.1%",0,0,"0%",0,0.0,0,"0.0%",0,16,0.0,0.0,"0.0%",0,0
CJ Ham,2018,1,0,0.0,0,"2.6%",0,0,"0%",0,0.0,0,"0.0%",0,15,0.0,0.0,"0.1%",0,0
Keith Ford,2018,1,0,0.0,0,"2.6%",0,0,"0%",0,0.0,0,"0.0%",0,2,0.0,0.0,"0.1%",0,0
Jonathan Williams,2018,1,-1,-1.0,0,"1.2%",0,0,"0%",0,0.0,0,"0.0%",0,3,-0.1,0.0,"0.0%",0,-1
Aaron Jones,2019,32,113,3.5,14,"69.6%",10,11,"90.9%",42,4.2,1,"55.0%",0,16,115.5,7.2,"94.7%",15,155
Christian McCaffrey,2019,55,155,2.8,10,"96.5%",10,13,"76.9%",66,6.6,3,"92.9%",0,16,110.1,6.9,"100.0%",13,221
Mark Ingram,2019,40,130,3.3,10,"55.6%",6,6,"100.0%",42,7.0,4,"60.0%",0,15,107.2,7.1,"0.1%",14,172
Todd Gurley,2019,50,140,2.8,12,"74.6%",3,5,"60.0%",8,2.7,2,"100.0%",1,15,99.8,6.7,"0.1%",14,148
Ezekiel Elliott,2019,59,177,3.0,11,"96.7%",5,10,"50.0%",34,6.8,1,"62.5%",0,16,98.1,6.1,"80.7%",12,211
Dalvin Cook,2019,47,124,2.6,12,"55.3%",3,3,"100.0%",12,4.0,0,"37.5%",0,14,88.6,6.3,"0.7%",12,136
Derrick Henry,2019,38,126,3.3,11,"90.5%",1,1,"100.0%",6,6.0,0,"14.3%",0,15,80.2,5.3,"99.9%",11,132
Chris Carson,2019,41,111,2.7,7,"71.9%",2,2,"100.0%",15,7.5,2,"33.3%",0,15,68.6,4.6,"0.3%",9,126
Melvin GordonI,2019,29,72,2.5,7,"51.8%",4,5,"80.0%",12,3.0,1,"22.7%",1,12,58.4,4.9,"0.0%",8,84
Josh Jacobs,2019,42,134,3.2,7,"75.0%",2,3,"66.7%",7,3.5,0,"30.0%",1,13,56.1,4.3,"99.0%",7,141
Jordan Howard,2019,22,86,3.9,6,"36.7%",2,2,"100.0%",26,13.0,1,"14.3%",0,10,55.2,5.5,"0.0%",7,112
Austin Ekeler,2019,16,20,1.3,3,"28.6%",9,12,"75.0%",60,6.7,4,"54.5%",2,16,55.0,3.4,"84.3%",7,80
Joe Mixon,2019,35,85,2.4,3,"77.8%",7,7,"100.0%",18,2.6,3,"46.7%",0,16,53.3,3.3,"98.8%",6,103
Devonta Freeman,2019,20,80,4.0,2,"40.0%",6,7,"85.7%",45,7.5,4,"53.8%",1,14,52.5,3.8,"0.0%",6,125
James White,2019,13,28,2.2,1,"19.1%",17,20,"85.0%",84,4.9,3,"69.0%",0,15,52.2,3.5,"0.1%",4,112
Jamaal Williams,2019,13,32,2.5,1,"28.3%",7,8,"87.5%",50,7.1,5,"40.0%",0,14,51.2,3.7,"2.8%",6,82
Tevin Coleman,2019,28,72,2.6,5,"45.9%",4,7,"57.1%",35,8.8,1,"36.8%",0,14,50.7,3.6,"0.0%",6,107
Peyton Barber,2019,20,51,2.6,6,"41.7%",2,2,"100.0%",14,7.0,1,"20.0%",0,16,50.5,3.2,"1.0%",7,65
Nick Chubb,2019,50,86,1.7,6,"84.7%",1,4,"25.0%",1,1.0,0,"57.1%",0,16,45.7,2.9,"82.9%",6,87
Sony Michel,2019,40,73,1.8,6,"58.8%",1,5,"20.0%",-1,-1.0,0,"17.2%",0,16,44.2,2.8,"0.0%",6,72
Miles Sanders,2019,26,76,2.9,2,"43.3%",8,10,"80.0%",46,5.8,2,"71.4%",0,16,44.2,2.8,"5.3%",4,122
Ronald Jones,2019,20,59,3.0,6,"41.7%",1,1,"100.0%",2,2.0,0,"10.0%",0,16,43.1,2.7,"0.0%",6,61
Phillip Lindsay,2019,30,84,2.8,5,"52.6%",3,6,"50.0%",17,5.7,0,"37.5%",0,16,43.1,2.7,"0.0%",5,101
Kenyan Drake,2019,19,52,2.7,6,"36.5%",2,3,"66.7%",18,9.0,0,"18.8%",1,14,43.0,3.1,"0.0%",6,70
Carlos Hyde,2019,35,92,2.6,5,"79.5%",2,4,"50.0%",11,5.5,0,"26.7%",0,16,42.3,2.6,"0.0%",5,103
David Montgomery,2019,26,37,1.4,5,"72.2%",2,2,"100.0%",6,3.0,1,"11.1%",0,16,42.3,2.6,"93.4%",6,43
Latavius Murray,2019,21,73,3.5,3,"43.8%",6,8,"75.0%",35,5.8,1,"38.1%",0,16,40.8,2.6,"0.0%",4,108
Adrian Peterson,2019,23,64,2.8,5,"60.5%",2,2,"100.0%",20,10.0,0,"15.4%",0,16,40.4,2.5,"2.4%",5,84
James Conner,2019,14,42,3.0,4,"28.6%",5,5,"100.0%",10,2.0,1,"35.7%",0,10,40.2,4.0,"91.2%",5,52
Duke Johnson,2019,9,33,3.7,1,"20.5%",6,11,"54.5%",64,10.7,3,"73.3%",0,16,39.7,2.5,"0.0%",4,97
Marlon Mack,2019,32,85,2.7,5,"55.2%",1,1,"100.0%",2,2.0,0,"14.3%",0,14,39.7,2.8,"0.0%",5,87
LeSean McCoy,2019,19,43,2.3,4,"33.9%",3,5,"60.0%",23,7.7,1,"27.8%",0,13,39.6,3.0,"2.0%",5,66
Le'Veon Bell,2019,19,41,2.2,3,"76.0%",6,9,"66.7%",31,5.2,1,"69.2%",0,15,37.2,2.5,"0.2%",4,72
Leonard Fournette,2019,46,64,1.4,3,"88.5%",8,11,"72.7%",46,5.8,0,"91.7%",0,15,37.0,2.5,"2.1%",3,110
Royce Freeman,2019,26,70,2.7,3,"45.6%",4,6,"66.7%",14,3.5,1,"37.5%",0,16,36.4,2.3,"0.4%",4,84
Saquon Barkley,2019,31,81,2.6,3,"70.5%",3,6,"50.0%",7,2.3,1,"66.7%",0,13,35.8,2.8,"100.0%",4,88
Damien Williams,2019,13,24,1.8,2,"23.2%",5,7,"71.4%",38,7.6,2,"38.9%",0,11,35.2,3.2,"0.0%",4,62
Raheem Mostert,2019,11,73,6.6,4,"18.0%",2,2,"100.0%",18,9.0,0,"10.5%",0,16,35.1,2.2,"89.8%",4,91
David Johnson,2019,17,28,1.6,2,"70.8%",6,6,"100.0%",38,6.3,2,"50.0%",1,13,34.6,2.7,"0.0%",4,66
Alvin Kamara,2019,25,82,3.3,2,"52.1%",9,13,"69.2%",40,4.4,0,"61.9%",0,14,33.2,2.4,"97.1%",2,122
Tarik Cohen,2019,7,22,3.1,0,"19.4%",5,8,"62.5%",35,7.0,3,"44.4%",0,16,28.7,1.8,"0.0%",3,57
Darrel Williams,2019,11,11,1.0,3,"19.6%",2,2,"100.0%",14,7.0,1,"11.1%",0,12,28.5,2.4,"0.0%",4,25
Malcolm Brown,2019,15,43,2.9,4,"22.4%",0,0,"0%",0,0.0,0,"0.0%",0,14,28.3,2.0,"0.0%",4,43
Chase Edmonds,2019,7,45,6.4,2,"29.2%",4,6,"66.7%",18,4.5,1,"50.0%",0,13,28.3,2.2,"0.5%",3,63
Jeff Wilson,2019,16,41,2.6,4,"26.2%",0,1,"0.0%",0,0.0,0,"5.3%",0,11,28.1,2.6,"0.6%",4,41
Qadree Ollison,2019,9,22,2.4,4,"18.0%",0,0,"0%",0,0.0,0,"0.0%",0,8,26.2,3.3,"0.0%",4,22
DeAndre Washington,2019,10,33,3.3,3,"17.9%",2,2,"100.0%",18,9.0,0,"20.0%",0,16,25.1,1.6,"11.0%",3,51
Wayne Gallman,2019,6,10,1.7,2,"13.6%",3,3,"100.0%",22,7.3,1,"33.3%",0,10,24.2,2.4,"0.0%",3,32
Kalen Ballage,2019,16,35,2.2,3,"30.8%",2,5,"40.0%",-2,-1.0,0,"31.3%",0,12,23.3,1.9,"0.0%",3,33
Kareem Hunt,2019,4,15,3.8,2,"6.8%",1,2,"50.0%",15,15.0,1,"28.6%",0,9,22.0,2.4,"0.7%",3,30
Jaylen Samuels,2019,11,11,1.0,1,"22.4%",6,8,"75.0%",12,2.0,1,"57.1%",0,14,20.5,1.5,"0.0%",2,23
Devin Singletary,2019,18,64,3.6,2,"39.1%",2,5,"40.0%",-5,-2.5,0,"83.3%",0,12,19.9,1.7,"84.1%",2,59
Brandon Bolden,2019,5,18,3.6,3,"7.4%",0,0,"0%",0,0.0,0,"0.0%",0,15,19.8,1.3,"0.0%",3,18
Dare Ogunbowale,2019,7,2,0.3,2,"14.6%",4,7,"57.1%",28,7.0,0,"70.0%",0,16,19.0,1.2,"0.3%",2,30
Rex Burkhead,2019,9,18,2.0,2,"13.2%",3,4,"75.0%",17,5.7,0,"13.8%",0,13,18.5,1.4,"10.0%",2,35
Nyheim Hines,2019,7,23,3.3,2,"12.1%",3,5,"60.0%",11,3.7,0,"71.4%",0,16,18.4,1.2,"0.8%",2,34
Kyle Juszczyk,2019,1,-1,-1.0,0,"1.6%",7,7,"100.0%",51,7.3,1,"36.8%",0,12,18.0,1.5,"0.7%",1,50
Brian Hill,2019,10,37,3.7,1,"20.0%",1,3,"33.3%",10,10.0,1,"23.1%",0,12,17.7,1.5,"0.0%",2,47
Rashaad Penny,2019,8,29,3.6,1,"14.0%",1,2,"50.0%",13,13.0,1,"33.3%",0,10,17.2,1.7,"0.1%",2,42
Jordan Wilkins,2019,11,35,3.2,2,"19.0%",0,1,"0.0%",0,0.0,0,"14.3%",0,14,15.5,1.1,"0.0%",2,35
Boston Scott,2019,8,35,4.4,2,"13.3%",0,0,"0%",0,0.0,0,"0.0%",0,11,15.5,1.4,"0.1%",2,35
Alexander Mattison,2019,27,114,4.2,1,"31.8%",0,0,"0%",0,0.0,0,"0.0%",1,13,15.4,1.2,"6.2%",1,114
Frank Gore,2019,26,33,1.3,2,"56.5%",0,0,"0%",0,0.0,0,"0.0%",0,16,15.3,1.0,"12.1%",2,33
Mike Boone,2019,8,32,4.0,2,"9.4%",0,0,"0%",0,0.0,0,"0.0%",0,16,15.2,1.0,"0.0%",2,32
Justice Hill,2019,9,53,5.9,1,"12.5%",2,2,"100.0%",15,7.5,0,"20.0%",0,16,14.8,0.9,"2.1%",1,68
Kerryon Johnson,2019,18,45,2.5,2,"42.9%",0,1,"0.0%",0,0.0,0,"20.0%",1,8,14.5,1.8,"0.0%",2,45
Derrius Guice,2019,7,11,1.6,2,"18.4%",1,1,"100.0%",4,4.0,0,"7.7%",0,5,14.5,2.9,"1.1%",2,15
Dontrell Hilliard,2019,5,22,4.4,2,"8.5%",0,1,"0.0%",0,0.0,0,"14.3%",0,14,14.2,1.0,"0.0%",2,22
Gus Edwards,2019,23,62,2.7,1,"31.9%",1,1,"100.0%",6,6.0,0,"10.0%",0,16,13.8,0.9,"75.4%",1,68
Wes Hills,2019,3,5,1.7,2,"7.1%",0,0,"0%",0,0.0,0,"0.0%",0,1,12.5,12.5,"0.0%",2,5
Dion Lewis,2019,2,10,5.0,0,"4.8%",3,5,"60.0%",23,7.7,1,"71.4%",0,16,12.3,0.8,"2.0%",1,33
Tony Pollard,2019,2,26,13.0,1,"3.3%",3,6,"50.0%",7,2.3,0,"37.5%",0,15,12.3,0.8,"87.2%",1,33
Patrick Laird,2019,9,19,2.1,1,"17.3%",2,5,"40.0%",20,10.0,0,"31.3%",0,15,11.9,0.8,"0.0%",1,39
Ito Smith,2019,9,18,2.0,1,"18.0%",2,3,"66.7%",15,7.5,0,"23.1%",0,7,11.3,1.6,"0.0%",1,33
Giovani Bernard,2019,9,25,2.8,0,"20.0%",5,7,"71.4%",35,7.0,0,"46.7%",0,16,11.0,0.7,"0.0%",0,60
Matt Breida,2019,5,5,1.0,0,"8.2%",2,2,"100.0%",20,10.0,1,"10.5%",0,13,10.5,0.8,"0.1%",1,25
Benny Snell,2019,17,41,2.4,1,"34.7%",0,0,"0%",0,0.0,0,"0.0%",0,13,10.1,0.8,"0.0%",1,41
Darwin Thompson,2019,10,14,1.4,1,"17.9%",1,1,"100.0%",7,7.0,0,"5.6%",0,12,9.1,0.8,"0.0%",1,21
Alec Ingold,2019,2,2,1.0,0,"3.6%",2,2,"100.0%",8,4.0,1,"20.0%",0,16,9.0,0.6,"0.1%",1,10
CJ Ham,2019,2,-1,-0.5,0,"2.4%",2,4,"50.0%",7,3.5,1,"50.0%",0,16,8.6,0.5,"0.1%",1,6
Ameer Abdullah,2019,1,-1,-1.0,0,"1.2%",1,1,"100.0%",16,16.0,1,"12.5%",0,16,8.5,0.5,"0.5%",1,15
Jonathan Williams,2019,8,25,3.1,1,"13.8%",0,0,"0%",0,0.0,0,"0.0%",0,9,8.5,0.9,"0.0%",1,25
Bo Scarbrough,2019,6,23,3.8,1,"14.3%",0,0,"0%",0,0.0,0,"0.0%",0,6,8.3,1.4,"0.0%",1,23
Troymaine Pope,2019,2,-1,-0.5,0,"3.6%",1,1,"100.0%",13,13.0,1,"4.5%",0,14,8.2,0.6,"0.0%",1,12
Javorius Allen,2019,2,20,10.0,1,"4.5%",0,0,"0%",0,0.0,0,"0.0%",0,11,8.0,0.7,"0.1%",1,20
Ryquell Armstead,2019,6,3,0.5,0,"11.5%",1,1,"100.0%",7,7.0,1,"8.3%",0,16,8.0,0.5,"0.2%",1,10
Alex Armah,2019,2,1,0.5,1,"3.5%",1,1,"100.0%",4,4.0,0,"7.1%",0,16,7.5,0.5,"0.0%",1,5
Andy Janovich,2019,1,1,1.0,1,"1.8%",1,1,"100.0%",3,3.0,0,"6.3%",0,8,7.4,0.9,"0.0%",1,4
CJ Prosise,2019,4,14,3.5,1,"7.0%",0,0,"0%",0,0.0,0,"0.0%",0,9,7.4,0.8,"0.0%",1,14
Myles Gaskin,2019,5,4,0.8,1,"9.6%",1,2,"50.0%",0,0.0,0,"12.5%",0,7,7.4,1.1,"0.1%",1,4
Patrick Ricard,2019,0,0,0.0,0,"0.0%",1,1,"100.0%",1,1.0,1,"10.0%",0,16,7.1,0.4,"0.1%",1,1
Derek Watt,2019,4,8,2.0,1,"7.1%",0,1,"0.0%",0,0.0,0,"4.5%",0,16,6.8,0.4,"0.0%",1,8
Chris Thompson,2019,6,13,2.2,0,"15.8%",2,5,"40.0%",22,11.0,0,"38.5%",0,11,5.5,0.5,"0.0%",0,35
Cordarrelle Patterson,2019,3,5,1.7,0,"8.3%",3,5,"60.0%",6,2.0,0,"27.8%",0,16,4.1,0.3,"0.9%",0,11
Justin Jackson,2019,5,9,1.8,0,"8.9%",2,3,"66.7%",9,4.5,0,"13.6%",0,7,3.8,0.5,"0.0%",0,18
Jalen Richard,2019,2,7,3.5,0,"3.6%",2,3,"66.7%",9,4.5,0,"30.0%",0,16,3.6,0.2,"1.0%",0,16
Darren Sproles,2019,2,6,3.0,0,"3.3%",2,2,"100.0%",9,4.5,0,"14.3%",0,6,3.5,0.6,"0.1%",0,15
JD McKissic,2019,5,19,3.8,0,"11.9%",1,2,"50.0%",3,3.0,0,"40.0%",0,16,3.2,0.2,"0.0%",0,22
Anthony Sherman,2019,1,5,5.0,0,"1.8%",1,1,"100.0%",15,15.0,0,"5.6%",0,16,3.0,0.2,"0.0%",0,20
Wendell Smallwood,2019,2,0,0.0,0,"5.3%",2,4,"50.0%",9,4.5,0,"30.8%",0,15,2.9,0.2,"0.0%",0,9
Ty Montgomery,2019,1,0,0.0,0,"4.0%",2,2,"100.0%",7,3.5,0,"15.4%",0,16,2.7,0.2,"0.0%",0,7
Ty Johnson,2019,7,16,2.3,0,"16.7%",1,1,"100.0%",1,1.0,0,"20.0%",0,16,2.7,0.2,"0.6%",0,17
Travis Homer,2019,4,1,0.3,0,"7.0%",1,1,"100.0%",10,10.0,0,"16.7%",0,16,2.1,0.1,"0.1%",0,11
Spencer Ware,2019,2,6,3.0,0,"3.6%",1,2,"50.0%",3,3.0,0,"11.1%",0,3,1.9,0.6,"0.0%",0,9
Bilal Powell,2019,5,4,0.8,0,"20.0%",1,2,"50.0%",5,5.0,0,"15.4%",0,14,1.9,0.1,"0.0%",0,9
Mike Davis,2019,0,0,0.0,0,"0.0%",1,2,"50.0%",5,5.0,0,"11.1%",0,12,1.5,0.1,"1.0%",0,5
Khari Blasingame,2019,0,0,0.0,0,"0.0%",1,1,"100.0%",0,0.0,0,"14.3%",0,6,1.0,0.2,"0.1%",0,0
Devontae Booker,2019,0,0,0.0,0,"0.0%",1,1,"100.0%",-1,-1.0,0,"6.3%",0,16,0.9,0.1,"0.0%",0,-1
Elijhaa Penny,2019,2,6,3.0,0,"4.5%",0,0,"0%",0,0.0,0,"0.0%",0,16,0.6,0.0,"0.0%",0,6
Dwayne Washington,2019,1,5,5.0,0,"2.1%",0,0,"0%",0,0.0,0,"0.0%",0,16,0.5,0.0,"0.0%",0,5
Keith Smith,2019,2,5,2.5,0,"4.0%",0,0,"0%",0,0.0,0,"0.0%",0,16,0.5,0.0,"0.0%",0,5
Darrell Henderson,2019,2,4,2.0,0,"3.0%",0,0,"0%",0,0.0,0,"0.0%",0,13,0.4,0.0,"5.0%",0,4
Kerrith Whyte,2019,2,4,2.0,0,"4.1%",0,0,"0%",0,0.0,0,"0.0%",0,6,0.4,0.1,"0.0%",0,4
Danny Vitale,2019,1,3,3.0,0,"2.2%",0,1,"0.0%",0,0.0,0,"5.0%",0,15,0.3,0.0,"0.0%",0,3
Dalyn Dawkins,2019,2,3,1.5,0,"4.8%",0,0,"0%",0,0.0,0,"0.0%",0,2,0.3,0.2,"0.1%",0,3
Jay Ajayi,2019,2,2,1.0,0,"3.3%",0,0,"0%",0,0.0,0,"0.0%",0,4,0.2,0.1,"7.0%",0,2
TJ Logan,2019,1,2,2.0,0,"2.1%",0,0,"0%",0,0.0,0,"0.0%",0,12,0.2,0.0,"0.0%",0,2
Tra Carson,2019,1,2,2.0,0,"2.2%",0,0,"0%",0,0.0,0,"0.0%",0,4,0.2,0.1,"0.0%",0,2
Trey Edmunds,2019,4,2,0.5,0,"8.2%",0,0,"0%",0,0.0,0,"0.0%",0,12,0.2,0.0,"0.0%",0,2
Tony Brooks-James,2019,1,2,2.0,0,"2.0%",0,0,"0%",0,0.0,0,"0.0%",0,3,0.2,0.1,"0.0%",0,2
Zach Zenner,2019,1,1,1.0,0,"2.4%",0,0,"0%",0,0.0,0,"0.0%",0,6,0.1,0.0,"0.0%",0,1
James Develin,2019,1,1,1.0,0,"1.5%",0,0,"0%",0,0.0,0,"0.0%",0,2,0.1,0.1,"0.0%",0,1
CJ Anderson,2019,2,1,0.5,0,"4.8%",0,0,"0%",0,0.0,0,"0.0%",0,2,0.1,0.1,"1.0%",0,1
Michael Burton,2019,0,0,0.0,0,"0.0%",0,1,"0.0%",0,0.0,0,"7.7%",0,11,0.0,0.0,"0.0%",0,0
Brandin Bryant,2019,0,0,0.0,0,"0.0%",0,0,"0%",0,0.0,0,"0.0%",0,4,0.0,0.0,"0.0%",0,0
Zach Line,2019,1,0,0.0,0,"2.1%",0,0,"0%",0,0.0,0,"0.0%",0,12,0.0,0.0,"0.0%",0,0
Roosevelt Nix,2019,0,0,0.0,0,"0.0%",0,1,"0.0%",0,0.0,0,"7.1%",0,3,0.0,0.0,"0.0%",0,0
Nick Bawden,2019,0,0,0.0,0,"0.0%",0,1,"0.0%",0,0.0,0,"20.0%",0,10,0.0,0.0,"0.0%",0,0
Mark Walton,2019,3,-3,-1.0,0,"5.8%",0,1,"0.0%",0,0.0,0,"6.3%",0,7,-0.3,0.0,"2.0%",0,-3
Jon Hilliman,2019,3,9,3.0,0,"6.8%",0,0,"0%",0,0.0,0,"0.0%",1,3,-1.1,-0.4,"0.0%",0,9
TJ Yeldon,2019,2,2,1.0,0,"4.3%",0,1,"0.0%",0,0.0,0,"16.7%",1,6,-1.8,-0.3,"0.0%",0,2
Alvin Kamara,2020,45,144,3.2,15,"62.5%",12,17,"70.6%",98,8.2,4,"73.9%",0,15,150.2,10.0,"97.1%",19,242
Dalvin Cook,2020,64,257,4.0,13,"71.1%",2,2,"100.0%",16,8.0,0,"33.3%",0,14,107.3,7.7,"0.7%",13,273
Derrick Henry,2020,59,185,3.1,12,"80.8%",1,1,"100.0%",5,5.0,0,"11.1%",0,16,92.0,5.8,"99.9%",12,190
Nick Chubb,2020,32,139,4.3,11,"42.1%",2,2,"100.0%",11,5.5,0,"16.7%",0,12,83.0,6.9,"82.9%",11,150
Kareem Hunt,2020,41,113,2.8,6,"53.9%",7,9,"77.8%",45,6.4,4,"75.0%",0,16,82.8,5.2,"0.7%",10,158
James Robinson,2020,31,119,3.8,7,"91.2%",6,6,"100.0%",49,8.2,3,"50.0%",1,14,80.8,5.8,"0.0%",10,168
Josh Jacobs,2020,63,163,2.6,10,"74.1%",0,3,"0.0%",0,0.0,0,"23.1%",1,15,74.3,5.0,"99.0%",10,163
Mike Davis,2020,41,99,2.4,6,"64.1%",8,11,"72.7%",29,3.6,2,"64.7%",0,15,68.8,4.6,"1.0%",8,128
Antonio Gibson,2020,28,98,3.5,9,"48.3%",2,3,"66.7%",12,6.0,0,"21.4%",0,14,67.0,4.8,"32.7%",9,110
Kenyan Drake,2020,55,117,2.1,9,"78.6%",1,2,"50.0%",3,3.0,0,"15.4%",0,15,67.0,4.5,"0.0%",9,120
D'Andre Swift,2020,18,41,2.3,7,"26.1%",6,9,"66.7%",39,6.5,2,"69.2%",1,13,66.0,5.1,"92.0%",9,80
Aaron Jones,2020,36,100,2.8,6,"55.4%",5,10,"50.0%",21,4.2,2,"66.7%",0,14,65.1,4.7,"94.7%",8,121
David Montgomery,2020,42,126,3.0,6,"79.2%",5,10,"50.0%",30,6.0,1,"55.6%",0,15,62.6,4.2,"93.4%",7,156
Jonathan Taylor,2020,40,89,2.2,8,"53.3%",4,6,"66.7%",10,2.5,0,"33.3%",0,15,61.9,4.1,"99.9%",8,99
Ezekiel Elliott,2020,42,96,2.3,5,"75.0%",6,7,"85.7%",37,6.2,2,"50.0%",0,15,61.3,4.1,"80.7%",7,133
David Johnson,2020,18,60,3.3,5,"66.7%",8,11,"72.7%",42,5.3,2,"52.4%",0,12,60.2,5.0,"0.0%",7,102
Chris Carson,2020,19,75,3.9,4,"40.4%",5,6,"83.3%",52,10.4,3,"60.0%",0,12,59.7,5.0,"0.3%",7,127
Melvin GordonI,2020,25,95,3.8,7,"73.5%",1,3,"33.3%",16,16.0,1,"37.5%",1,15,58.1,3.9,"0.0%",8,111
Todd Gurley,2020,48,92,1.9,8,"77.4%",0,0,"0%",0,0.0,0,"0.0%",0,15,57.2,3.8,"0.1%",8,92
Giovani Bernard,2020,19,57,3.0,3,"35.8%",9,11,"81.8%",58,6.4,3,"55.0%",0,16,56.5,3.5,"0.0%",6,115
Jeff Wilson,2020,22,78,3.5,6,"34.9%",2,3,"66.7%",35,17.5,1,"15.0%",0,12,55.3,4.6,"0.6%",7,113
Jerick McKinnon,2020,17,71,4.2,5,"27.0%",6,6,"100.0%",38,6.3,1,"30.0%",0,16,52.9,3.3,"0.6%",6,109
Nyheim Hines,2020,27,79,2.9,3,"36.0%",8,10,"80.0%",53,6.6,2,"55.6%",0,16,51.2,3.2,"0.8%",5,132
JK Dobbins,2020,26,89,3.4,7,"39.4%",0,1,"0.0%",0,0.0,0,"10.0%",0,15,50.9,3.4,"54.8%",7,89
James Conner,2020,27,68,2.5,6,"52.9%",3,5,"60.0%",17,5.7,0,"62.5%",0,13,47.5,3.7,"91.2%",6,85
Kyle Juszczyk,2020,5,17,3.4,2,"7.9%",6,9,"66.7%",35,5.8,4,"45.0%",0,16,47.2,3.0,"0.7%",6,52
Chase Edmonds,2020,15,46,3.1,0,"21.4%",10,11,"90.9%",78,7.8,4,"84.6%",0,16,46.4,2.9,"0.5%",4,124
Leonard Fournette,2020,20,42,2.1,5,"37.7%",7,8,"87.5%",39,5.6,0,"44.4%",0,13,45.1,3.5,"2.1%",5,81
Adrian Peterson,2020,34,83,2.4,6,"49.3%",0,1,"0.0%",0,0.0,0,"7.7%",0,16,44.3,2.8,"2.4%",6,83
Wayne Gallman,2020,19,40,2.1,6,"48.7%",4,5,"80.0%",1,0.3,0,"29.4%",0,15,44.1,2.9,"0.0%",6,41
Darrell Henderson,2020,32,88,2.8,4,"41.6%",3,4,"75.0%",20,6.7,1,"44.4%",0,15,43.8,2.9,"5.0%",5,108
Christian McCaffrey,2020,14,52,3.7,5,"21.9%",1,1,"100.0%",9,9.0,1,"5.9%",0,3,43.1,14.4,"100.0%",6,61
Gus Edwards,2020,25,75,3.0,6,"37.9%",1,1,"100.0%",2,2.0,0,"10.0%",1,16,42.7,2.7,"75.4%",6,77
Rex Burkhead,2020,13,45,3.5,3,"25.0%",3,6,"50.0%",30,10.0,2,"40.0%",0,10,40.5,4.1,"10.0%",5,75
Ronald Jones,2020,30,83,2.8,5,"56.6%",1,4,"25.0%",9,9.0,0,"22.2%",0,14,40.2,2.9,"0.0%",5,92
Myles Gaskin,2020,34,99,2.9,2,"47.2%",6,7,"85.7%",46,7.7,1,"70.0%",0,10,38.5,3.9,"0.1%",3,145
Zack Moss,2020,28,68,2.4,4,"54.9%",1,2,"50.0%",4,4.0,1,"20.0%",0,13,38.2,2.9,"83.9%",5,72
Clyde Edwards-Helaire,2020,29,89,3.1,3,"87.9%",3,6,"50.0%",20,6.7,1,"66.7%",0,13,37.9,2.9,"5.5%",4,109
Malcolm Brown,2020,19,55,2.9,5,"24.7%",2,4,"50.0%",1,0.5,0,"44.4%",0,16,37.6,2.4,"0.0%",5,56
Latavius Murray,2020,25,91,3.6,3,"34.7%",4,5,"80.0%",33,8.3,0,"21.7%",0,15,34.4,2.3,"0.0%",3,124
Miles Sanders,2020,25,94,3.8,4,"52.1%",1,1,"100.0%",11,11.0,0,"16.7%",1,12,33.5,2.8,"5.3%",4,105
Tony Pollard,2020,13,32,2.5,2,"23.2%",5,7,"71.4%",34,6.8,1,"50.0%",0,16,29.6,1.9,"87.2%",3,66
Jamaal Williams,2020,22,67,3.0,2,"33.8%",3,3,"100.0%",8,2.7,1,"20.0%",0,14,28.5,2.0,"2.8%",3,75
Benny Snell,2020,21,20,1.0,4,"41.2%",1,3,"33.3%",13,13.0,0,"37.5%",0,16,28.3,1.8,"0.0%",4,33
Austin Ekeler,2020,15,66,4.4,1,"25.4%",6,7,"85.7%",35,5.8,1,"35.0%",0,10,28.1,2.8,"84.3%",2,101
Peyton Barber,2020,16,28,1.8,4,"27.6%",0,0,"0%",0,0.0,0,"0.0%",0,16,26.8,1.7,"1.0%",4,28
Cam Akers,2020,26,74,2.8,2,"33.8%",1,1,"100.0%",4,4.0,1,"11.1%",0,12,26.8,2.2,"0.8%",3,78
Dion Lewis,2020,6,25,4.2,2,"15.4%",4,5,"80.0%",12,3.0,1,"29.4%",0,16,25.7,1.6,"2.0%",3,37
Jordan Howard,2020,11,11,1.0,4,"22.9%",0,0,"0%",0,0.0,0,"0.0%",0,7,25.1,3.6,"0.0%",4,11
DeeJay Dallas,2020,12,20,1.7,2,"25.5%",3,3,"100.0%",9,3.0,1,"30.0%",0,12,23.9,2.0,"0.1%",3,29
JD McKissic,2020,14,29,2.1,1,"24.1%",5,11,"45.5%",32,6.4,1,"78.6%",0,16,23.1,1.4,"0.0%",2,61
Kerryon Johnson,2020,9,26,2.9,2,"13.0%",1,2,"50.0%",9,9.0,1,"15.4%",0,16,22.5,1.4,"0.0%",3,35
Samaje Perine,2020,15,32,2.1,2,"28.3%",5,5,"100.0%",21,4.2,0,"25.0%",0,16,22.3,1.4,"0.9%",2,53
Kalen Ballage,2020,19,51,2.7,2,"32.2%",2,5,"40.0%",12,6.0,0,"25.0%",0,11,20.3,1.8,"0.0%",2,63
Le'Veon Bell,2020,13,54,4.2,2,"26.5%",3,5,"60.0%",-2,-0.7,0,"62.5%",0,11,20.2,1.8,"0.2%",2,52
Frank Gore,2020,26,63,2.4,2,"53.1%",1,2,"50.0%",6,6.0,0,"25.0%",0,15,19.9,1.3,"12.1%",2,69
Salvon Ahmed,2020,20,60,3.0,2,"27.8%",1,1,"100.0%",5,5.0,0,"10.0%",0,6,19.5,3.3,"0.0%",2,65
Devin Singletary,2020,22,56,2.5,1,"43.1%",5,7,"71.4%",22,4.4,0,"70.0%",0,16,18.8,1.2,"84.1%",1,78
Joe Mixon,2020,18,35,1.9,1,"34.0%",2,3,"66.7%",9,4.5,1,"15.0%",0,6,18.4,3.1,"98.8%",2,44
James White,2020,4,16,4.0,2,"7.7%",4,5,"80.0%",6,1.5,0,"33.3%",0,14,18.2,1.3,"0.1%",2,22
Joshua Kelley,2020,22,38,1.7,2,"37.3%",2,2,"100.0%",1,0.5,0,"10.0%",0,14,17.9,1.3,"0.1%",2,39
Ty Johnson,2020,8,18,2.3,1,"11.6%",1,1,"100.0%",18,18.0,1,"7.7%",0,13,16.6,1.3,"0.6%",2,36
Carlos Hyde,2020,12,41,3.4,2,"25.5%",0,0,"0%",0,0.0,0,"0.0%",0,10,16.1,1.6,"0.0%",2,41
Alfred Morris,2020,4,21,5.3,1,"10.3%",1,1,"100.0%",6,6.0,1,"5.9%",0,9,15.7,1.7,"0.0%",2,27
La'Mical Perine,2020,7,18,2.6,2,"14.3%",1,1,"100.0%",7,7.0,0,"12.5%",0,10,15.5,1.6,"0.1%",2,25
Ito Smith,2020,7,22,3.1,1,"11.3%",6,7,"85.7%",6,1.0,0,"77.8%",0,14,14.8,1.1,"0.0%",1,28
Gabe Nabers,2020,0,0,0.0,0,"0.0%",2,3,"66.7%",6,3.0,2,"15.0%",0,16,14.6,0.9,"0.1%",2,6
Devontae Booker,2020,17,43,2.5,1,"20.0%",3,3,"100.0%",6,2.0,0,"23.1%",0,16,13.9,0.9,"0.0%",1,49
Duke Johnson,2020,5,7,1.4,1,"18.5%",7,8,"87.5%",2,0.3,0,"38.1%",0,11,13.9,1.3,"0.0%",1,9
Jeremy McNichols,2020,8,17,2.1,1,"11.0%",4,6,"66.7%",22,5.5,0,"66.7%",0,16,13.9,0.9,"0.0%",1,39
Boston Scott,2020,8,20,2.5,0,"16.7%",3,5,"60.0%",25,8.3,1,"83.3%",0,16,13.5,0.8,"0.1%",1,45
Damien Harris,2020,21,72,3.4,1,"40.4%",0,1,"0.0%",0,0.0,0,"6.7%",0,10,13.2,1.3,"4.6%",1,72
Cordarrelle Patterson,2020,7,20,2.9,1,"13.2%",3,3,"100.0%",21,7.0,0,"16.7%",0,16,13.1,0.8,"0.9%",1,41
Jalen Richard,2020,3,24,8.0,1,"3.5%",3,4,"75.0%",13,4.3,0,"30.8%",0,13,12.7,1.0,"1.0%",1,37
Alexander Mattison,2020,19,62,3.3,1,"21.1%",0,0,"0%",0,0.0,0,"0.0%",0,13,12.2,0.9,"6.2%",1,62
Chris Thompson,2020,1,3,3.0,0,"2.9%",3,4,"75.0%",25,8.3,1,"33.3%",0,8,11.8,1.5,"0.0%",1,28
Mark Ingram,2020,12,40,3.3,1,"18.2%",1,2,"50.0%",4,4.0,0,"20.0%",0,11,11.4,1.0,"0.1%",1,44
Devonta Freeman,2020,6,11,1.8,1,"15.4%",3,3,"100.0%",3,1.0,0,"17.6%",0,5,10.4,2.1,"0.0%",1,14
CJ Ham,2020,4,18,4.5,0,"4.4%",1,2,"50.0%",12,12.0,1,"33.3%",0,15,10.0,0.7,"0.1%",1,30
Darrel Williams,2020,4,17,4.3,1,"12.1%",1,2,"50.0%",9,9.0,0,"22.2%",0,16,9.6,0.6,"0.0%",1,26
Sony Michel,2020,10,34,3.4,1,"19.2%",0,0,"0%",0,0.0,0,"0.0%",0,9,9.4,1.0,"0.0%",1,34
Raheem Mostert,2020,11,32,2.9,1,"17.5%",0,0,"0%",0,0.0,0,"0.0%",0,8,9.2,1.2,"89.8%",1,32
Ke'Shawn Vaughn,2020,3,12,4.0,0,"5.7%",1,2,"50.0%",9,9.0,1,"11.1%",0,10,9.1,0.9,"0.0%",1,21
AJ Dillon,2020,4,16,4.0,1,"6.2%",1,1,"100.0%",5,5.0,0,"6.7%",0,11,9.1,0.8,"5.4%",1,21
Jordan Wilkins,2020,8,15,1.9,1,"10.7%",1,2,"50.0%",4,4.0,0,"11.1%",0,15,8.9,0.6,"0.0%",1,19
Patrick Ricard,2020,1,-1,-1.0,0,"1.5%",4,4,"100.0%",10,2.5,1,"40.0%",1,15,8.9,0.6,"0.1%",1,9
Darrynton Evans,2020,5,15,3.0,0,"6.8%",1,1,"100.0%",3,3.0,1,"11.1%",0,5,8.8,1.8,"0.1%",1,18
Ryan Nall,2020,0,0,0.0,0,"0.0%",2,2,"100.0%",8,4.0,1,"11.1%",0,15,8.8,0.6,"0.0%",1,8
Alec Ingold,2020,1,2,2.0,0,"1.2%",2,3,"66.7%",3,1.5,1,"23.1%",0,16,8.5,0.5,"0.1%",1,5
Jakob Johnson,2020,0,0,0.0,0,"0.0%",2,2,"100.0%",1,0.5,1,"13.3%",0,16,8.1,0.5,"0.0%",1,1
D'Onta Foreman,2020,1,3,3.0,0,"1.4%",1,1,"100.0%",5,5.0,1,"11.1%",0,6,7.8,1.3,"2.8%",1,8
Reggie Bonnafon,2020,1,3,3.0,0,"1.6%",1,1,"100.0%",3,3.0,1,"5.9%",0,2,7.6,3.8,"0.0%",1,6
Corey Clement,2020,4,15,3.8,1,"8.3%",0,0,"0%",0,0.0,0,"0.0%",0,15,7.5,0.5,"0.0%",1,15
Anthony Sherman,2020,0,0,0.0,0,"0.0%",1,1,"100.0%",5,5.0,1,"11.1%",0,12,7.5,0.6,"0.0%",1,5
Travis Homer,2020,2,1,0.5,0,"4.3%",1,1,"100.0%",3,3.0,1,"10.0%",0,9,7.4,0.8,"0.1%",1,4
CJ Prosise,2020,3,1,0.3,0,"11.1%",1,1,"100.0%",2,2.0,1,"4.8%",0,10,7.3,0.7,"0.0%",1,3
Reggie Gilliam,2020,0,0,0.0,0,"0.0%",1,1,"100.0%",1,1.0,1,"10.0%",0,14,7.1,0.5,"0.0%",1,1
Alex Collins,2020,2,10,5.0,1,"4.3%",0,0,"0%",0,0.0,0,"0.0%",0,3,7.0,2.3,"19.0%",1,10
Artavis Pierce,2020,1,3,3.0,1,"1.9%",0,0,"0%",0,0.0,0,"0.0%",0,5,6.3,1.3,"0.0%",1,3
JaMycal Hasty,2020,5,3,0.6,1,"7.9%",0,0,"0%",0,0.0,0,"0.0%",0,8,6.3,0.8,"0.1%",1,3
Mike Boone,2020,2,3,1.5,1,"2.2%",0,0,"0%",0,0.0,0,"0.0%",0,16,6.3,0.4,"0.0%",1,3
Josh Adams,2020,3,2,0.7,1,"6.1%",0,0,"0%",0,0.0,0,"0.0%",0,8,6.2,0.8,"0.0%",1,2
Royce Freeman,2020,2,3,1.5,0,"5.9%",4,4,"100.0%",18,4.5,0,"50.0%",0,16,6.1,0.4,"0.4%",0,21
LeSean McCoy,2020,0,0,0.0,0,"0.0%",3,4,"75.0%",14,4.7,0,"22.2%",0,10,4.4,0.4,"2.0%",0,14
Matt Breida,2020,8,43,5.4,0,"11.1%",0,0,"0%",0,0.0,0,"0.0%",0,12,4.3,0.4,"0.1%",0,43
Alex Armah,2020,2,3,1.5,0,"3.1%",2,3,"66.7%",14,7.0,0,"17.6%",0,16,3.7,0.2,"0.0%",0,17
Phillip Lindsay,2020,7,15,2.1,0,"20.6%",1,1,"100.0%",11,11.0,0,"12.5%",0,11,3.6,0.3,"0.0%",0,26
Justice Hill,2020,2,6,3.0,0,"3.0%",2,2,"100.0%",7,3.5,0,"20.0%",0,12,3.3,0.3,"2.1%",0,13
Tyler Ervin,2020,3,18,6.0,0,"4.6%",1,1,"100.0%",3,3.0,0,"6.7%",0,8,3.1,0.4,"0.0%",0,21
Troymaine Pope,2020,1,0,0.0,0,"1.7%",2,2,"100.0%",10,5.0,0,"10.0%",0,6,3.0,0.5,"0.0%",0,10
Brian Hill,2020,6,16,2.7,0,"9.7%",1,1,"100.0%",4,4.0,0,"11.1%",0,16,3.0,0.2,"0.0%",0,20
Tevin Coleman,2020,3,0,0.0,0,"4.8%",2,2,"100.0%",10,5.0,0,"10.0%",0,8,3.0,0.4,"0.0%",0,10
DeAndre Washington,2020,9,17,1.9,0,"12.5%",1,1,"100.0%",2,2.0,0,"10.0%",0,4,2.9,0.7,"11.0%",0,19
Saquon Barkley,2020,3,10,3.3,0,"7.7%",1,2,"50.0%",7,7.0,0,"11.8%",0,2,2.7,1.4,"100.0%",0,17
Rodney Smith,2020,6,24,4.0,0,"9.4%",0,1,"0.0%",0,0.0,0,"5.9%",0,7,2.4,0.3,"0.0%",0,24
Ameer Abdullah,2020,1,4,4.0,0,"1.1%",1,2,"50.0%",6,6.0,0,"33.3%",0,16,2.0,0.1,"0.5%",0,10
Tarik Cohen,2020,3,5,1.7,0,"5.7%",2,2,"100.0%",-5,-2.5,0,"11.1%",0,3,2.0,0.7,"0.0%",0,0
Patrick Laird,2020,1,5,5.0,0,"1.4%",1,1,"100.0%",4,4.0,0,"10.0%",0,16,1.9,0.1,"0.0%",0,9
Justin Jackson,2020,2,6,3.0,0,"3.4%",1,1,"100.0%",3,3.0,0,"5.0%",0,9,1.9,0.2,"0.0%",0,9
Keith Smith,2020,1,3,3.0,0,"1.6%",1,1,"100.0%",4,4.0,0,"11.1%",0,16,1.7,0.1,"0.0%",0,7
Scottie Phillips,2020,0,0,0.0,0,"0.0%",1,1,"100.0%",7,7.0,0,"4.8%",0,8,1.7,0.2,"0.0%",0,7
D'Ernest Johnson,2020,0,0,0.0,0,"0.0%",1,1,"100.0%",5,5.0,0,"8.3%",0,16,1.5,0.1,"0.4%",0,5
Michael Burton,2020,1,1,1.0,0,"1.4%",1,1,"100.0%",4,4.0,0,"4.3%",0,15,1.5,0.1,"0.0%",0,5
Devine Ozigbo,2020,0,0,0.0,0,"0.0%",1,1,"100.0%",4,4.0,0,"8.3%",0,8,1.4,0.2,"0.0%",0,4
Dontrell Hilliard,2020,2,13,6.5,0,"2.6%",0,0,"0%",0,0.0,0,"0.0%",0,7,1.3,0.2,"0.0%",0,13
JJ Taylor,2020,4,13,3.3,0,"7.7%",0,1,"0.0%",0,0.0,0,"6.7%",0,6,1.3,0.2,"0.1%",0,13
Jaylen Samuels,2020,3,8,2.7,0,"5.9%",0,0,"0%",0,0.0,0,"0.0%",0,14,0.8,0.1,"0.0%",0,8
Dare Ogunbowale,2020,2,3,1.5,0,"5.9%",0,1,"0.0%",0,0.0,0,"8.3%",0,14,0.3,0.0,"0.3%",0,3
Buddy Howell,2020,1,2,2.0,0,"3.7%",0,0,"0%",0,0.0,0,"0.0%",0,14,0.2,0.0,"0.0%",0,2
Theo Riddick,2020,1,2,2.0,0,"1.2%",0,0,"0%",0,0.0,0,"0.0%",0,5,0.2,0.0,"0.0%",0,2
Rico Dowdle,2020,1,2,2.0,0,"1.8%",0,0,"0%",0,0.0,0,"0.0%",0,15,0.2,0.0,"31.3%",0,2
Andy Janovich,2020,1,2,2.0,0,"1.3%",0,0,"0%",0,0.0,0,"0.0%",0,14,0.2,0.0,"0.0%",0,2
TJ Yeldon,2020,1,1,1.0,0,"2.0%",0,0,"0%",0,0.0,0,"0.0%",0,3,0.1,0.0,"0.0%",0,1
Trenton Cannon,2020,0,0,0.0,0,"0.0%",0,0,"0%",0,0.0,0,"0.0%",0,14,0.0,0.0,"0.0%",0,0
Elijhaa Penny,2020,1,0,0.0,0,"2.6%",0,1,"0.0%",0,0.0,0,"5.9%",0,14,0.0,0.0,"0.0%",0,0
Ty Montgomery,2020,1,-4,-4.0,0,"1.4%",0,0,"0%",0,0.0,0,"0.0%",0,6,-0.4,-0.1,"0.0%",0,-4
Trayveon Williams,2020,1,-2,-2.0,0,"1.9%",0,0,"0%",0,0.0,0,"0.0%",1,10,-2.2,-0.2,"0.3%",0,-2
Austin Ekeler,2021,46,152,3.3,11,"59.0%",13,15,"86.7%",121,9.3,7,"71.4%",0,16,148.3,9.3,"84.3%",18,273
Jonathan Taylor,2021,87,263,3.0,14,"89.7%",3,4,"75.0%",16,5.3,0,"57.1%",0,17,114.9,6.8,"99.9%",14,279
Joe Mixon,2021,42,142,3.4,12,"89.4%",6,7,"85.7%",24,4.0,2,"50.0%",0,16,106.6,6.7,"98.8%",14,166
Ezekiel Elliott,2021,37,130,3.5,10,"67.3%",12,17,"70.6%",59,4.9,2,"68.0%",0,17,103.1,6.1,"80.7%",12,189
James Conner,2021,40,122,3.1,14,"65.6%",1,1,"100.0%",13,13.0,0,"12.5%",0,15,98.5,6.6,"91.2%",14,135
Cordarrelle Patterson,2021,33,119,3.6,6,"60.0%",9,12,"75.0%",86,9.6,4,"63.2%",0,16,89.5,5.6,"0.9%",10,205
Damien Harris,2021,42,139,3.3,12,"51.9%",1,2,"50.0%",3,3.0,0,"14.3%",2,15,83.2,5.5,"4.6%",12,142
Aaron Jones,2021,33,92,2.8,4,"44.0%",12,15,"80.0%",63,5.3,5,"75.0%",0,15,81.5,5.4,"94.7%",9,155
Leonard Fournette,2021,41,109,2.7,6,"69.5%",13,18,"72.2%",64,4.9,2,"69.2%",0,14,78.3,5.6,"2.1%",8,173
Alvin Kamara,2021,34,83,2.4,3,"54.0%",9,14,"64.3%",70,7.8,5,"63.6%",0,13,72.3,5.6,"97.1%",8,153
Melvin GordonI,2021,38,107,2.8,6,"54.3%",6,8,"75.0%",50,8.3,2,"53.3%",0,16,69.7,4.4,"0.0%",8,157
Najee Harris,2021,28,87,3.1,6,"96.6%",8,14,"57.1%",29,3.6,2,"93.3%",0,17,67.6,4.0,"90.3%",8,116
Derrick Henry,2021,34,108,3.2,8,"54.8%",2,2,"100.0%",7,3.5,0,"13.3%",0,8,65.7,8.2,"99.9%",8,115
Josh Jacobs,2021,32,125,3.9,8,"56.1%",3,5,"60.0%",6,2.0,0,"26.3%",0,15,64.1,4.3,"99.0%",8,131
AJ Dillon,2021,39,104,2.7,5,"52.0%",5,5,"100.0%",36,7.2,2,"25.0%",0,17,61.0,3.6,"5.4%",7,140
David Montgomery,2021,42,77,1.8,7,"67.7%",7,8,"87.5%",41,5.9,0,"80.0%",1,14,58.8,4.2,"93.4%",7,118
Antonio Gibson,2021,42,49,1.2,6,"71.2%",5,6,"83.3%",24,4.8,2,"60.0%",1,16,58.3,3.6,"32.7%",8,73
Javonte Williams,2021,29,48,1.7,4,"41.4%",6,7,"85.7%",58,9.7,3,"46.7%",1,17,56.6,3.3,"84.6%",7,106
Darrell Henderson,2021,26,87,3.3,5,"38.2%",3,9,"33.3%",26,8.7,2,"81.8%",0,12,56.3,4.7,"5.0%",7,113
James Robinson,2021,24,50,2.1,8,"60.0%",2,2,"100.0%",5,2.5,0,"40.0%",0,14,55.5,4.0,"0.0%",8,55
Myles Gaskin,2021,32,76,2.4,3,"58.2%",6,9,"66.7%",20,3.3,3,"60.0%",0,17,51.6,3.0,"0.1%",6,96
Devonta Freeman,2021,18,52,2.9,5,"36.0%",6,8,"75.0%",42,7.0,1,"47.1%",0,16,51.4,3.2,"0.0%",6,94
Nick Chubb,2021,39,138,3.5,5,"53.4%",1,1,"100.0%",5,5.0,1,"12.5%",0,14,51.3,3.7,"82.9%",6,143
Darrel Williams,2021,34,63,1.9,6,"57.6%",6,9,"66.7%",20,3.3,0,"52.9%",0,17,50.3,3.0,"0.0%",6,83
Devin Singletary,2021,34,120,3.5,5,"52.3%",5,5,"100.0%",14,2.8,0,"33.3%",0,17,48.4,2.8,"84.1%",5,134
Boston Scott,2021,20,56,2.8,7,"26.7%",0,1,"0.0%",0,0.0,0,"7.7%",0,11,47.6,4.3,"0.1%",7,56
Kenneth Gainwell,2021,10,40,4.0,4,"13.3%",7,8,"87.5%",56,8.0,1,"61.5%",0,16,46.6,2.9,"2.6%",5,96
Clyde Edwards-Helaire,2021,14,63,4.5,4,"23.7%",2,3,"66.7%",11,5.5,2,"17.6%",0,10,45.4,4.5,"5.5%",6,74
Dalvin Cook,2021,45,112,2.5,5,"55.6%",2,3,"66.7%",7,3.5,0,"23.1%",0,13,43.9,3.4,"0.7%",5,119
Zack Moss,2021,26,60,2.3,4,"40.0%",4,6,"66.7%",27,6.8,1,"40.0%",0,13,42.7,3.3,"83.9%",5,87
Latavius Murray,2021,22,96,4.4,5,"44.0%",2,4,"50.0%",10,5.0,0,"23.5%",0,14,42.6,3.0,"0.0%",5,106
Elijah Mitchell,2021,19,73,3.8,4,"51.4%",2,2,"100.0%",20,10.0,1,"13.3%",0,12,41.3,3.4,"11.2%",5,93
Sony Michel,2021,41,88,2.1,4,"60.3%",1,2,"50.0%",3,3.0,1,"18.2%",0,17,40.1,2.4,"0.0%",5,91
Rhamondre Stevenson,2021,25,70,2.8,5,"30.9%",1,2,"50.0%",0,0.0,0,"14.3%",0,12,38.0,3.2,"92.4%",5,70
Alexander Mattison,2021,31,80,2.6,3,"38.3%",3,8,"37.5%",15,5.0,1,"61.5%",0,16,36.5,2.3,"6.2%",4,95
Mike Davis,2021,18,68,3.8,3,"32.7%",2,6,"33.3%",5,2.5,1,"31.6%",0,17,33.3,2.0,"1.0%",4,73
Michael Carter,2021,25,57,2.3,4,"42.4%",2,2,"100.0%",6,3.0,0,"16.7%",0,14,32.3,2.3,"0.8%",4,63
D'Andre Swift,2021,19,24,1.3,3,"39.6%",7,10,"70.0%",41,5.9,0,"90.9%",0,13,31.5,2.4,"92.0%",3,65
Kareem Hunt,2021,17,40,2.4,4,"23.3%",2,4,"50.0%",10,5.0,0,"50.0%",0,8,31.0,3.9,"0.7%",4,50
Chuba Hubbard,2021,24,69,2.9,4,"51.1%",0,2,"0.0%",0,0.0,0,"18.2%",0,16,30.9,1.9,"41.3%",4,69
Justin Jackson,2021,20,84,4.2,2,"25.6%",5,5,"100.0%",26,5.2,0,"23.8%",0,14,28.0,2.0,"0.0%",2,110
Jordan Howard,2021,24,76,3.2,3,"32.0%",1,1,"100.0%",9,9.0,0,"7.7%",0,7,27.5,3.9,"0.0%",3,85
Chase Edmonds,2021,20,57,2.9,2,"32.8%",7,7,"100.0%",25,3.6,0,"87.5%",0,12,27.2,2.3,"0.5%",2,82
Devontae Booker,2021,16,54,3.4,2,"51.6%",2,2,"100.0%",10,5.0,1,"28.6%",0,16,26.4,1.7,"0.0%",3,64
Ty Johnson,2021,12,15,1.3,2,"20.3%",3,4,"75.0%",37,12.3,1,"33.3%",0,15,26.2,1.7,"0.6%",3,52
Ronald Jones,2021,14,39,2.8,4,"23.7%",0,1,"0.0%",0,0.0,0,"3.8%",1,15,25.9,1.7,"0.0%",4,39
JD McKissic,2021,6,28,4.7,2,"10.2%",3,3,"100.0%",13,4.3,1,"30.0%",0,11,25.1,2.3,"0.0%",3,41
Giovani Bernard,2021,1,1,1.0,0,"1.7%",4,7,"57.1%",27,6.8,3,"26.9%",0,10,24.8,2.5,"0.0%",3,28
Kenyan Drake,2021,12,63,5.3,2,"21.1%",4,6,"66.7%",25,6.3,0,"31.6%",0,12,24.8,2.1,"0.0%",2,88
Rashaad Penny,2021,16,50,3.1,3,"29.6%",0,1,"0.0%",0,0.0,0,"14.3%",0,10,23.0,2.3,"0.1%",3,50
Saquon Barkley,2021,12,17,1.4,2,"38.7%",1,3,"33.3%",18,18.0,1,"42.9%",0,14,22.5,1.6,"100.0%",3,35
Jamaal Williams,2021,23,35,1.5,3,"47.9%",0,0,"0%",0,0.0,0,"0.0%",0,13,21.5,1.7,"2.8%",3,35
D'Onta Foreman,2021,20,66,3.3,2,"32.3%",1,1,"100.0%",11,11.0,0,"6.7%",0,9,20.7,2.3,"2.8%",2,77
Tony Pollard,2021,16,50,3.1,1,"29.1%",6,7,"85.7%",37,6.2,0,"28.0%",0,15,20.7,1.4,"87.2%",1,87
Brandon Bolden,2021,7,8,1.1,0,"8.6%",8,8,"100.0%",56,7.0,1,"57.1%",0,16,20.4,1.3,"0.0%",1,64
Peyton Barber,2021,11,29,2.6,2,"19.3%",3,3,"100.0%",16,5.3,0,"15.8%",0,10,19.5,2.0,"1.0%",2,45
Matt Breida,2021,3,18,6.0,1,"4.6%",3,3,"100.0%",24,8.0,1,"20.0%",0,7,19.2,2.7,"0.1%",2,42
Nyheim Hines,2021,5,23,4.6,1,"5.2%",3,3,"100.0%",18,6.0,1,"42.9%",0,17,19.1,1.1,"0.8%",2,41
Kyle Juszczyk,2021,3,12,4.0,1,"8.1%",3,5,"60.0%",28,9.3,1,"33.3%",0,15,19.0,1.3,"0.7%",2,40
D'Ernest Johnson,2021,14,54,3.9,2,"19.2%",1,1,"100.0%",6,6.0,0,"12.5%",0,13,19.0,1.5,"0.4%",2,60
Mark Ingram,2021,25,54,2.2,2,"39.7%",1,5,"20.0%",5,5.0,0,"22.7%",0,14,18.9,1.4,"0.1%",2,59
Christian McCaffrey,2021,19,54,2.8,1,"40.4%",3,3,"100.0%",39,13.0,0,"27.3%",0,7,18.3,2.6,"100.0%",1,93
DeeJay Dallas,2021,6,35,5.8,2,"11.1%",2,2,"100.0%",5,2.5,0,"28.6%",0,17,18.0,1.1,"0.1%",2,40
Khalil Herbert,2021,12,43,3.6,2,"19.4%",2,2,"100.0%",-4,-2.0,0,"20.0%",0,16,17.9,1.1,"18.3%",2,39
Rex Burkhead,2021,14,23,1.6,2,"50.0%",2,3,"66.7%",10,5.0,0,"30.0%",0,15,17.3,1.2,"10.0%",2,33
Alex Collins,2021,13,48,3.7,2,"24.1%",0,0,"0%",0,0.0,0,"0.0%",0,11,16.8,1.5,"19.0%",2,48
Jeff Wilson,2021,10,19,1.9,2,"27.0%",2,3,"66.7%",1,0.5,0,"20.0%",0,9,16.0,1.8,"0.6%",2,20
Elijhaa Penny,2021,3,14,4.7,1,"9.7%",2,2,"100.0%",4,2.0,1,"28.6%",0,13,15.8,1.2,"0.0%",2,18
Samaje Perine,2021,2,10,5.0,0,"4.3%",5,5,"100.0%",31,6.2,1,"35.7%",0,15,15.1,1.0,"0.9%",1,41
Jeremy McNichols,2021,5,19,3.8,0,"8.1%",4,7,"57.1%",27,6.8,1,"46.7%",0,13,14.6,1.1,"0.0%",1,46
Adrian Peterson,2021,9,15,1.7,2,"16.7%",1,1,"100.0%",-1,-1.0,0,"14.3%",0,4,14.4,3.6,"2.4%",2,14
Damien Williams,2021,8,23,2.9,2,"12.9%",0,0,"0%",0,0.0,0,"0.0%",0,12,14.3,1.2,"0.0%",2,23
Jaret Patterson,2021,6,22,3.7,2,"10.2%",0,0,"0%",0,0.0,0,"0.0%",0,14,14.2,1.0,"0.0%",2,22
Chris Carson,2021,7,18,2.6,2,"13.0%",0,0,"0%",0,0.0,0,"0.0%",0,4,13.8,3.5,"0.3%",2,18
Duke Johnson,2021,7,15,2.1,2,"12.7%",0,0,"0%",0,0.0,0,"0.0%",0,5,13.5,2.7,"0.0%",2,15
Le'Veon Bell,2021,6,11,1.8,2,"12.0%",0,0,"0%",0,0.0,0,"0.0%",0,8,13.1,1.6,"0.2%",2,11
JJ Taylor,2021,5,3,0.6,2,"6.2%",0,0,"0%",0,0.0,0,"0.0%",0,5,12.3,2.5,"0.1%",2,3
Tevin Coleman,2021,13,44,3.4,0,"22.0%",5,6,"83.3%",24,4.8,0,"50.0%",0,11,11.8,1.1,"0.0%",0,68
David Johnson,2021,7,5,0.7,0,"25.0%",3,7,"42.9%",15,5.0,1,"70.0%",0,13,11.0,0.8,"0.0%",1,20
JaMycal Hasty,2021,4,8,2.0,1,"10.8%",3,5,"60.0%",10,3.3,0,"33.3%",0,11,10.8,1.0,"0.1%",1,18
Derrick Gore,2021,8,26,3.3,1,"13.6%",1,1,"100.0%",3,3.0,0,"5.9%",0,8,9.9,1.2,"0.0%",1,29
Austin Walter,2021,9,31,3.4,1,"15.3%",0,0,"0%",0,0.0,0,"0.0%",0,4,9.1,2.3,"0.0%",1,31
Carlos Hyde,2021,12,32,2.7,1,"30.0%",1,1,"100.0%",4,4.0,0,"20.0%",1,12,8.6,0.7,"0.0%",1,36
Alec Ingold,2021,1,0,0.0,0,"1.8%",2,3,"66.7%",4,2.0,1,"15.8%",0,7,8.4,1.2,"0.1%",1,4
James White,2021,2,14,7.0,1,"2.5%",1,1,"100.0%",-1,-1.0,0,"7.1%",0,3,8.3,2.8,"0.1%",1,13
Michael Burton,2021,3,12,4.0,1,"5.1%",1,1,"100.0%",0,0.0,0,"5.9%",0,10,8.2,0.8,"0.0%",1,12
Alex Armah,2021,1,3,3.0,0,"1.7%",1,1,"100.0%",1,1.0,1,"10.0%",0,10,7.4,0.7,"0.0%",1,4
Deon Jackson,2021,3,13,4.3,1,"3.1%",0,0,"0%",0,0.0,0,"0.0%",0,5,7.3,1.5,"0.0%",1,13
Phillip Lindsay,2021,6,12,2.0,1,"10.9%",0,1,"0.0%",0,0.0,0,"6.7%",0,14,7.2,0.5,"0.0%",1,12
Jonathan Williams,2021,4,11,2.8,1,"6.8%",0,0,"0%",0,0.0,0,"0.0%",0,5,7.1,1.4,"0.0%",1,11
Johnny Stanton IV,2021,1,0,0.0,0,"1.4%",1,1,"100.0%",1,1.0,1,"12.5%",0,3,7.1,2.4,"0.0%",1,1
Patrick Ricard,2021,0,0,0.0,0,"0.0%",1,2,"50.0%",1,1.0,1,"11.8%",0,8,7.1,0.9,"0.1%",1,1
Miles Sanders,2021,21,31,1.5,0,"28.0%",3,3,"100.0%",9,3.0,0,"23.1%",0,12,7.0,0.6,"5.3%",0,40
Jermar Jefferson,2021,2,8,4.0,1,"4.2%",0,0,"0%",0,0.0,0,"0.0%",0,5,6.8,1.4,"0.1%",1,8
Dare Ogunbowale,2021,4,8,2.0,1,"10.0%",0,2,"0.0%",0,0.0,0,"40.0%",0,13,6.8,0.5,"0.3%",1,8
Larry RountreeI,2021,7,7,1.0,1,"9.0%",0,0,"0%",0,0.0,0,"0.0%",0,10,6.7,0.7,"0.0%",1,7
Dontrell Hilliard,2021,3,2,0.7,0,"4.8%",4,5,"80.0%",22,5.5,0,"33.3%",0,8,6.4,0.8,"0.0%",0,24
Trey Sermon,2021,1,1,1.0,1,"2.7%",0,0,"0%",0,0.0,0,"0.0%",0,6,6.1,1.0,"0.9%",1,1
Andy Janovich,2021,2,0,0.0,1,"2.7%",0,0,"0%",0,0.0,0,"0.0%",0,6,6.0,1.0,"0.0%",1,0
Ty'Son Williams,2021,4,21,5.3,0,"8.0%",2,3,"66.7%",15,7.5,0,"17.6%",0,8,5.6,0.7,"0.0%",0,36
Ameer Abdullah,2021,4,5,1.3,0,"8.5%",3,5,"60.0%",10,3.3,0,"45.5%",0,17,4.5,0.3,"0.5%",0,15
Travis Homer,2021,3,11,3.7,0,"5.6%",2,3,"66.7%",9,4.5,0,"42.9%",0,14,4.0,0.3,"0.1%",0,20
Jerick McKinnon,2021,0,0,0.0,0,"0.0%",2,3,"66.7%",19,9.5,0,"17.6%",0,9,3.9,0.4,"0.6%",0,19
Salvon Ahmed,2021,3,17,5.7,0,"5.5%",1,3,"33.3%",9,9.0,0,"20.0%",0,11,3.6,0.3,"0.0%",0,26
Tony Jones,2021,4,19,4.8,0,"6.3%",1,1,"100.0%",3,3.0,0,"4.5%",0,10,3.2,0.3,"0.0%",0,22
Ty Montgomery,2021,0,0,0.0,0,"0.0%",2,2,"100.0%",8,4.0,0,"9.1%",0,14,2.8,0.2,"0.0%",0,8
Chris Evans,2021,1,1,1.0,0,"2.1%",1,2,"50.0%",14,14.0,0,"14.3%",0,9,2.5,0.3,"0.1%",0,15
Malcolm Brown,2021,7,10,1.4,0,"12.7%",1,1,"100.0%",4,4.0,0,"6.7%",0,6,2.4,0.4,"0.0%",0,14
CJ Ham,2021,2,1,0.5,0,"2.5%",1,1,"100.0%",9,9.0,0,"7.7%",0,15,2.0,0.1,"0.1%",0,10
Qadree Ollison,2021,2,5,2.5,0,"3.6%",1,1,"100.0%",4,4.0,0,"5.3%",0,6,1.9,0.3,"0.0%",0,9
Royce Freeman,2021,6,16,2.7,0,"21.4%",0,0,"0%",0,0.0,0,"0.0%",0,12,1.6,0.1,"0.4%",0,16
Reggie Bonnafon,2021,0,0,0.0,0,"0.0%",1,1,"100.0%",6,6.0,0,"9.1%",0,1,1.6,1.6,"0.0%",0,6
Jalen Richard,2021,1,1,1.0,0,"1.8%",1,2,"50.0%",5,5.0,0,"10.5%",0,9,1.6,0.2,"1.0%",0,6
Corey Clement,2021,2,3,1.5,0,"3.6%",1,1,"100.0%",2,2.0,0,"4.0%",0,11,1.5,0.1,"0.0%",0,5
Patrick Laird,2021,0,0,0.0,0,"0.0%",1,1,"100.0%",5,5.0,0,"6.7%",0,3,1.5,0.5,"0.0%",0,5
Ke'Shawn Vaughn,2021,3,12,4.0,0,"5.1%",0,0,"0%",0,0.0,0,"0.0%",0,6,1.2,0.2,"0.0%",0,12
Jakob Johnson,2021,0,0,0.0,0,"0.0%",1,1,"100.0%",2,2.0,0,"7.1%",0,7,1.2,0.2,"0.0%",0,2
Marlon Mack,2021,2,11,5.5,0,"2.1%",0,0,"0%",0,0.0,0,"0.0%",0,6,1.1,0.2,"0.0%",0,11
Demetric Felton,2021,0,0,0.0,0,"0.0%",1,1,"100.0%",0,0.0,0,"12.5%",0,15,1.0,0.1,"0.0%",0,0
Patrick Taylor,2021,3,8,2.7,0,"4.0%",0,0,"0%",0,0.0,0,"0.0%",0,5,0.8,0.2,"0.0%",0,8
Damarea Crockett,2021,3,7,2.3,0,"4.3%",0,0,"0%",0,0.0,0,"0.0%",0,1,0.7,0.7,"0.0%",0,7
Godwin Igwebuike,2021,1,6,6.0,0,"2.1%",0,0,"0%",0,0.0,0,"0.0%",0,15,0.6,0.0,"0.0%",0,6
Craig Reynolds,2021,3,4,1.3,0,"6.3%",0,0,"0%",0,0.0,0,"0.0%",0,5,0.4,0.1,"0.3%",0,4
Benny Snell,2021,1,4,4.0,0,"3.4%",0,0,"0%",0,0.0,0,"0.0%",0,16,0.4,0.0,"0.0%",0,4
Kene Nwangwu,2021,3,2,0.7,0,"3.7%",0,1,"0.0%",0,0.0,0,"7.7%",0,9,0.2,0.0,"0.2%",0,2
Eno Benjamin,2021,1,2,2.0,0,"1.6%",0,0,"0%",0,0.0,0,"0.0%",0,8,0.2,0.0,"0.0%",0,2
Reggie Gilliam,2021,2,2,1.0,0,"3.1%",0,1,"0.0%",0,0.0,0,"6.7%",0,8,0.2,0.0,"0.0%",0,2
Wayne Gallman,2021,1,1,1.0,0,"1.8%",0,0,"0%",0,0.0,0,"0.0%",0,9,0.1,0.0,"0.0%",0,1
Scottie Phillips,2021,1,1,1.0,0,"3.6%",0,0,"0%",0,0.0,0,"0.0%",0,3,0.1,0.0,"0.0%",0,1
Darrynton Evans,2021,0,0,0.0,0,"0.0%",0,0,"0%",0,0.0,0,"0.0%",0,2,0.0,0.0,"0.1%",0,0
Brandin Bryant,2021,0,0,0.0,0,"0.0%",0,0,"0%",0,0.0,0,"0.0%",0,3,0.0,0.0,"0.0%",0,0
Cam Akers,2021,0,0,0.0,0,"0.0%",0,0,"0%",0,0.0,0,"0.0%",0,2,0.0,0.0,"0.8%",0,0
Trenton Cannon,2021,0,0,0.0,0,"0.0%",0,0,"0%",0,0.0,0,"0.0%",0,10,0.0,0.0,"0.0%",0,0
Kalen Ballage,2021,0,0,0.0,0,"0.0%",0,1,"0.0%",0,0.0,0,"6.7%",0,9,0.0,0.0,"0.0%",0,0
Avery Williams,2021,0,0,0.0,0,"0.0%",0,0,"0%",0,0.0,0,"0.0%",0,15,0.0,0.0,"0.1%",0,0
Keith Smith,2021,1,0,0.0,0,"1.8%",0,0,"0%",0,0.0,0,"0.0%",0,13,0.0,0.0,"0.0%",0,0
Trayveon Williams,2021,2,-1,-0.5,0,"4.3%",0,0,"0%",0,0.0,0,"0.0%",0,4,-0.1,0.0,"0.3%",0,-1
Jake Funk,2021,1,-1,-1.0,0,"1.5%",0,0,"0%",0,0.0,0,"0.0%",0,5,-0.1,0.0,"0.0%",0,-1
Joshua Kelley,2021,5,13,2.6,0,"6.4%",0,1,"0.0%",0,0.0,0,"4.8%",1,8,-0.7,-0.1,"0.1%",0,13
Austin Ekeler,2022,46,194,4.2,11,"69.7%",18,25,"72.0%",65,3.6,5,"89.3%",0,17,139.9,8.2,"84.3%",16,259
Jamaal Williams,2022,53,104,2.0,14,"64.6%",2,2,"100.0%",5,2.5,0,"10.0%",1,17,94.9,5.6,"2.8%",14,109
Derrick Henry,2022,40,134,3.4,11,"93.0%",4,6,"66.7%",17,4.3,0,"42.9%",0,16,89.2,5.6,"99.9%",11,151
Ezekiel Elliott,2022,39,111,2.8,12,"60.0%",2,2,"100.0%",3,1.5,0,"15.4%",0,15,85.4,5.7,"80.7%",12,114
Christian McCaffrey,2022,35,93,2.7,7,"57.4%",7,12,"58.3%",50,7.1,3,"75.0%",0,17,81.3,4.8,"100.0%",10,143
Josh Jacobs,2022,38,129,3.4,10,"86.4%",2,4,"50.0%",7,3.5,0,"40.0%",0,17,75.6,4.4,"99.0%",10,136
Miles Sanders,2022,44,134,3.0,10,"64.7%",0,0,"0%",0,0.0,0,"0.0%",0,17,73.4,4.3,"5.3%",10,134
Najee Harris,2022,34,121,3.6,6,"68.0%",4,7,"57.1%",19,4.8,3,"53.8%",0,17,72.2,4.2,"90.3%",9,140
Joe Mixon,2022,38,97,2.6,6,"70.4%",8,12,"66.7%",39,4.9,2,"57.1%",0,15,69.6,4.6,"98.8%",8,136
Jerick McKinnon,2022,20,48,2.4,0,"31.7%",11,15,"73.3%",68,6.2,7,"68.2%",0,17,64.6,3.8,"0.6%",7,116
Nick Chubb,2022,41,96,2.3,9,"62.1%",0,0,"0%",0,0.0,0,"0.0%",0,17,63.6,3.7,"82.9%",9,96
D'Andre Swift,2022,23,111,4.8,5,"28.0%",9,13,"69.2%",62,6.9,1,"65.0%",0,14,62.3,4.5,"92.0%",6,173
Tony Pollard,2022,23,99,4.3,6,"35.4%",5,9,"55.6%",38,7.6,1,"69.2%",0,16,60.7,3.8,"87.2%",7,137
Saquon Barkley,2022,37,105,2.8,8,"72.5%",0,2,"0.0%",0,0.0,0,"50.0%",0,16,58.5,3.7,"100.0%",8,105
Kenneth WalkerI,2022,43,148,3.4,7,"81.1%",1,1,"100.0%",4,4.0,0,"16.7%",0,15,58.2,3.9,"97.0%",7,152
Dalvin Cook,2022,39,88,2.3,6,"78.0%",5,10,"50.0%",40,8.0,1,"58.8%",1,17,57.8,3.4,"0.7%",7,128
Cordarrelle Patterson,2022,28,129,4.6,7,"33.7%",1,3,"33.3%",2,2.0,0,"42.9%",0,13,56.1,4.3,"0.9%",7,131
Leonard Fournette,2022,27,42,1.6,3,"73.0%",10,10,"100.0%",51,5.1,3,"55.6%",0,16,55.3,3.5,"2.1%",6,93
James Conner,2022,25,82,3.3,6,"67.6%",3,4,"75.0%",19,6.3,1,"66.7%",0,13,55.1,4.2,"91.2%",7,101
David Montgomery,2022,34,120,3.5,5,"57.6%",3,3,"100.0%",15,5.0,1,"60.0%",0,16,52.5,3.3,"93.4%",6,135
Aaron Jones,2022,29,101,3.5,2,"50.9%",9,10,"90.0%",34,3.8,3,"76.9%",1,17,50.5,3.0,"94.7%",5,135
Cam Akers,2022,26,76,2.9,7,"63.4%",1,2,"50.0%",1,1.0,0,"25.0%",1,15,48.7,3.2,"0.8%",7,77
AJ Dillon,2022,27,92,3.4,6,"47.4%",2,3,"66.7%",12,6.0,0,"23.1%",0,17,48.4,2.8,"5.4%",6,104
Clyde Edwards-Helaire,2022,11,27,2.5,3,"17.5%",6,6,"100.0%",28,4.7,3,"27.3%",0,10,47.5,4.8,"5.5%",6,55
Jeff Wilson,2022,27,88,3.3,4,"52.9%",4,5,"80.0%",33,8.3,1,"31.3%",0,16,46.1,2.9,"0.6%",5,121
Devin Singletary,2022,34,88,2.6,4,"58.6%",5,8,"62.5%",16,3.2,1,"47.1%",0,17,45.4,2.7,"84.1%",5,104
Samaje Perine,2022,16,35,2.2,2,"29.6%",6,8,"75.0%",40,6.7,3,"38.1%",0,16,43.5,2.7,"0.9%",5,75
D'Onta Foreman,2022,35,112,3.2,5,"66.0%",1,1,"100.0%",-4,-4.0,0,"33.3%",0,16,41.8,2.6,"2.8%",5,108
Travis Etienne,2022,41,148,3.6,4,"82.0%",4,6,"66.7%",3,0.8,0,"85.7%",1,17,41.1,2.4,"99.8%",4,151
Antonio Gibson,2022,26,52,2.0,3,"49.1%",3,6,"50.0%",29,9.7,2,"54.5%",0,15,41.1,2.7,"32.7%",5,81
Raheem Mostert,2022,20,60,3.0,2,"39.2%",5,6,"83.3%",24,4.8,2,"37.5%",0,16,37.4,2.3,"89.8%",4,84
Alexander Mattison,2022,9,40,4.4,3,"18.0%",5,5,"100.0%",33,6.6,1,"29.4%",0,17,36.3,2.1,"6.2%",4,73
Rhamondre Stevenson,2022,32,53,1.7,3,"64.0%",5,6,"83.3%",20,4.0,1,"46.2%",1,17,34.3,2.0,"92.4%",4,73
Latavius Murray,2022,10,33,3.3,5,"27.8%",0,0,"0%",0,0.0,0,"0.0%",0,14,33.3,2.4,"0.0%",5,33
Alvin Kamara,2022,24,56,2.3,2,"66.7%",7,11,"63.6%",41,5.9,1,"68.8%",1,15,32.7,2.2,"97.1%",3,97
Isiah Pacheco,2022,30,84,2.8,4,"47.6%",1,1,"100.0%",9,9.0,0,"4.5%",1,17,32.3,1.9,"99.8%",4,93
Khalil Herbert,2022,19,66,3.5,4,"32.2%",1,2,"50.0%",-2,-2.0,0,"40.0%",0,13,31.4,2.4,"18.3%",4,64
Kenneth Gainwell,2022,14,53,3.8,4,"20.6%",1,3,"33.3%",5,5.0,0,"100.0%",0,17,30.8,1.8,"2.6%",4,58
Dameon Pierce,2022,33,62,1.9,3,"51.6%",2,2,"100.0%",5,2.5,1,"10.5%",1,13,30.7,2.4,"6.0%",4,67
Tyler Allgeier,2022,33,116,3.5,3,"39.8%",0,0,"0%",0,0.0,0,"0.0%",0,16,29.6,1.9,"44.6%",3,116
Kareem Hunt,2022,24,56,2.3,2,"36.4%",4,8,"50.0%",14,3.5,1,"100.0%",0,17,29.0,1.7,"0.7%",3,70
Michael Carter,2022,19,46,2.4,3,"29.7%",4,7,"57.1%",19,4.8,0,"41.2%",0,16,28.5,1.8,"0.8%",3,65
Rachaad White,2022,10,21,2.1,1,"27.0%",6,8,"75.0%",19,3.2,2,"44.4%",0,17,28.0,1.6,"98.0%",3,40
Kenyan Drake,2022,15,28,1.9,2,"28.8%",4,5,"80.0%",30,7.5,1,"62.5%",0,12,27.8,2.3,"0.0%",3,58
Dontrell Hilliard,2022,0,0,0.0,0,"0.0%",5,7,"71.4%",46,9.2,3,"50.0%",0,12,27.6,2.3,"0.0%",3,46
Breece Hall,2022,15,49,3.3,2,"23.4%",3,5,"60.0%",17,5.7,1,"29.4%",0,7,27.6,3.9,"99.9%",3,66
Jonathan Taylor,2022,32,65,2.0,3,"65.3%",2,3,"66.7%",5,2.5,0,"18.8%",0,12,27.0,2.3,"99.9%",3,70
Damien Harris,2022,11,42,3.8,3,"22.0%",4,6,"66.7%",4,1.0,0,"46.2%",0,11,26.6,2.4,"4.6%",3,46
Brian Robinson,2022,24,52,2.2,2,"45.3%",1,1,"100.0%",14,14.0,1,"9.1%",0,12,25.6,2.1,"86.7%",3,66
Eno Benjamin,2022,14,65,4.6,2,"21.9%",4,5,"80.0%",27,6.8,0,"26.3%",0,13,25.2,1.9,"0.0%",2,92
James Robinson,2022,19,41,2.2,1,"29.7%",2,3,"66.7%",10,5.0,2,"17.6%",0,11,25.1,2.3,"0.0%",3,51
Nyheim Hines,2022,6,4,0.7,1,"12.2%",7,8,"87.5%",54,7.7,1,"50.0%",0,16,24.8,1.6,"0.8%",2,58
Chase Edmonds,2022,5,4,0.8,2,"13.9%",3,4,"75.0%",28,9.3,1,"28.6%",0,13,24.2,1.9,"0.5%",3,32
Darrell Henderson,2022,10,36,3.6,3,"24.4%",1,2,"50.0%",7,7.0,0,"25.0%",0,10,23.3,2.3,"5.0%",3,43
JK Dobbins,2022,14,36,2.6,2,"26.9%",1,2,"50.0%",1,1.0,1,"25.0%",0,8,22.7,2.8,"54.8%",3,37
Gus Edwards,2022,14,30,2.1,3,"26.9%",0,0,"0%",0,0.0,0,"0.0%",0,9,21.0,2.3,"75.4%",3,30
Raheem Blackshear,2022,5,19,3.8,3,"9.4%",1,1,"100.0%",0,0.0,0,"33.3%",0,13,20.9,1.6,"0.1%",3,19
Justin Jackson,2022,5,27,5.4,1,"6.1%",3,4,"75.0%",19,6.3,1,"20.0%",0,15,19.6,1.3,"0.0%",2,46
Deon Jackson,2022,7,28,4.0,1,"14.3%",3,3,"100.0%",16,5.3,1,"18.8%",0,12,19.4,1.6,"0.0%",2,44
Chuba Hubbard,2022,11,42,3.8,2,"20.8%",1,1,"100.0%",6,6.0,0,"33.3%",0,14,17.8,1.3,"41.3%",2,48
Joshua Kelley,2022,13,24,1.8,2,"19.7%",1,1,"100.0%",8,8.0,0,"3.6%",0,12,16.2,1.4,"0.1%",2,32
Kyle Juszczyk,2022,4,19,4.8,1,"6.6%",2,2,"100.0%",3,1.5,1,"12.5%",0,13,16.2,1.2,"0.7%",2,22
Jaylen Warren,2022,12,40,3.3,1,"24.0%",4,4,"100.0%",20,5.0,0,"30.8%",0,16,16.0,1.0,"86.6%",1,60
Alec Ingold,2022,2,1,0.5,1,"3.9%",2,2,"100.0%",15,7.5,1,"12.5%",0,12,15.6,1.3,"0.1%",2,16
Melvin GordonI,2022,14,18,1.3,2,"38.9%",2,2,"100.0%",14,7.0,0,"14.3%",1,10,15.2,1.5,"0.0%",2,32
Caleb Huntley,2022,20,91,4.6,1,"24.1%",0,0,"0%",0,0.0,0,"0.0%",0,12,15.1,1.3,"0.0%",1,91
CJ Ham,2022,2,4,2.0,2,"4.0%",2,2,"100.0%",7,3.5,0,"11.8%",0,11,15.1,1.4,"0.1%",2,11
Rex Burkhead,2022,3,0,0.0,0,"4.7%",6,9,"66.7%",30,5.0,1,"47.4%",0,15,15.0,1.0,"10.0%",1,30
James Cook,2022,13,32,2.5,0,"22.4%",3,6,"50.0%",24,8.0,1,"35.3%",0,17,14.6,0.9,"98.4%",1,56
Zander Horvath,2022,1,3,3.0,0,"1.5%",2,2,"100.0%",2,1.0,2,"7.1%",0,8,14.5,1.8,"0.0%",2,5
Boston Scott,2022,10,23,2.3,2,"14.7%",0,0,"0%",0,0.0,0,"0.0%",0,15,14.3,1.0,"0.1%",2,23
Tevin Coleman,2022,4,3,0.8,1,"6.6%",1,1,"100.0%",9,9.0,1,"6.3%",0,3,14.2,4.7,"0.0%",2,12
Ameer Abdullah,2022,1,3,3.0,0,"2.3%",4,5,"80.0%",38,9.5,1,"50.0%",0,16,14.1,0.9,"0.5%",1,41
Reggie Gilliam,2022,0,0,0.0,0,"0.0%",3,3,"100.0%",26,8.7,1,"17.6%",0,8,11.6,1.5,"0.0%",1,26
Mark Ingram,2022,7,23,3.3,1,"19.4%",4,5,"80.0%",11,2.8,0,"31.3%",1,10,11.4,1.1,"0.1%",1,34
Zonovan Knight,2022,9,25,2.8,1,"14.1%",2,2,"100.0%",9,4.5,0,"11.8%",0,7,11.4,1.6,"0.1%",1,34
Avery Williams,2022,2,6,3.0,1,"2.4%",3,3,"100.0%",11,3.7,0,"42.9%",0,17,10.7,0.6,"0.1%",1,17
Gary Brightwell,2022,4,7,1.8,1,"7.8%",2,2,"100.0%",18,9.0,0,"50.0%",0,15,10.5,0.7,"0.0%",1,25
Matt Breida,2022,10,42,4.2,1,"19.6%",0,0,"0%",0,0.0,0,"0.0%",0,17,10.2,0.6,"0.1%",1,42
Brandon Bolden,2022,3,7,2.3,0,"6.8%",1,1,"100.0%",18,18.0,1,"10.0%",0,12,9.5,0.8,"0.0%",1,25
JaMycal Hasty,2022,8,15,1.9,1,"16.0%",1,1,"100.0%",9,9.0,0,"14.3%",0,14,9.4,0.7,"0.1%",1,24
Travis Homer,2022,3,4,1.3,0,"5.7%",1,1,"100.0%",18,18.0,1,"16.7%",0,12,9.2,0.8,"0.1%",1,22
Dare Ogunbowale,2022,7,25,3.6,1,"10.9%",0,2,"0.0%",0,0.0,0,"10.5%",0,15,8.5,0.6,"0.3%",1,25
Derek Watt,2022,1,2,2.0,0,"2.0%",2,2,"100.0%",2,1.0,1,"15.4%",0,12,8.4,0.7,"0.0%",1,4
Keaontay Ingram,2022,8,11,1.4,1,"21.6%",1,1,"100.0%",-1,-1.0,0,"16.7%",0,11,8.0,0.7,"0.1%",1,10
Chris Evans,2022,0,0,0.0,0,"0.0%",1,1,"100.0%",8,8.0,1,"4.8%",0,10,7.8,0.8,"0.1%",1,8
Kevin Harris,2022,3,18,6.0,1,"6.0%",0,0,"0%",0,0.0,0,"0.0%",0,5,7.8,1.6,"0.1%",1,18
Ty Montgomery,2022,0,0,0.0,0,"0.0%",1,1,"100.0%",6,6.0,1,"7.7%",0,1,7.6,7.6,"0.0%",1,6
Salvon Ahmed,2022,2,16,8.0,1,"3.9%",0,0,"0%",0,0.0,0,"0.0%",0,7,7.6,1.1,"0.0%",1,16
Jordan Mason,2022,2,13,6.5,1,"3.3%",0,0,"0%",0,0.0,0,"0.0%",0,12,7.3,0.6,"2.7%",1,13
Darrel Williams,2022,4,8,2.0,1,"10.8%",0,1,"0.0%",0,0.0,0,"16.7%",0,5,6.8,1.4,"0.0%",1,8
Pierre Strong,2022,3,5,1.7,1,"6.0%",0,0,"0%",0,0.0,0,"0.0%",0,10,6.5,0.7,"0.1%",1,5
Benny Snell,2022,2,4,2.0,1,"4.0%",0,0,"0%",0,0.0,0,"0.0%",0,9,6.4,0.7,"0.0%",1,4
Snoop Conner,2022,1,3,3.0,1,"2.0%",0,0,"0%",0,0.0,0,"0.0%",0,5,6.3,1.3,"0.0%",1,3
Marlon Mack,2022,1,3,3.0,1,"2.8%",0,0,"0%",0,0.0,0,"0.0%",0,8,6.3,0.8,"0.0%",1,3
Malik Davis,2022,3,16,5.3,0,"4.6%",2,2,"100.0%",15,7.5,0,"15.4%",0,6,5.1,0.9,"0.1%",0,31
Elijah Mitchell,2022,10,39,3.9,0,"16.4%",1,1,"100.0%",-1,-1.0,0,"6.3%",0,5,4.8,1.0,"11.2%",0,38
Jordan Wilkins,2022,4,13,3.3,0,"8.2%",2,2,"100.0%",6,3.0,0,"12.5%",0,4,3.9,1.0,"0.0%",0,19
DeeJay Dallas,2022,2,4,2.0,0,"3.8%",2,2,"100.0%",11,5.5,0,"33.3%",0,15,3.5,0.2,"0.1%",0,15
Javonte Williams,2022,4,8,2.0,0,"11.1%",3,6,"50.0%",12,4.0,0,"42.9%",1,4,3.0,0.8,"84.6%",0,20
Ronnie Rivers,2022,1,1,1.0,0,"2.4%",1,1,"100.0%",14,14.0,0,"12.5%",0,2,2.5,1.3,"0.1%",0,15
Royce Freeman,2022,7,25,3.6,0,"10.9%",0,0,"0%",0,0.0,0,"0.0%",0,5,2.5,0.5,"0.4%",0,25
Patrick Ricard,2022,2,3,1.5,0,"3.8%",1,1,"100.0%",12,12.0,0,"12.5%",0,13,2.5,0.2,"0.1%",0,15
Rashaad Penny,2022,5,5,1.0,0,"9.4%",1,1,"100.0%",4,4.0,0,"16.7%",0,5,1.9,0.4,"0.1%",0,9
Trestan Ebner,2022,6,16,2.7,0,"10.2%",0,0,"0%",0,0.0,0,"0.0%",0,11,1.6,0.1,"0.0%",0,16
Justice Hill,2022,4,15,3.8,0,"7.7%",0,0,"0%",0,0.0,0,"0.0%",0,15,1.5,0.1,"2.1%",0,15
Tony Jones,2022,0,0,0.0,0,"0.0%",1,1,"100.0%",5,5.0,0,"16.7%",0,3,1.5,0.5,"0.0%",0,5
Malcolm Brown,2022,4,1,0.3,0,"9.8%",1,2,"50.0%",3,3.0,0,"25.0%",0,7,1.4,0.2,"0.0%",0,4
Jonathan Ward,2022,0,0,0.0,0,"0.0%",1,1,"100.0%",4,4.0,0,"7.1%",0,4,1.4,0.4,"0.0%",0,4
Mike Boone,2022,1,1,1.0,0,"2.8%",1,2,"50.0%",2,2.0,0,"14.3%",0,8,1.3,0.2,"0.0%",0,3
Myles Gaskin,2022,0,0,0.0,0,"0.0%",1,3,"33.3%",2,2.0,0,"18.8%",0,2,1.2,0.6,"0.1%",0,2
Sony Michel,2022,6,11,1.8,0,"9.1%",0,0,"0%",0,0.0,0,"0.0%",0,10,1.1,0.1,"0.0%",0,11
Craig Reynolds,2022,1,5,5.0,0,"1.2%",0,0,"0%",0,0.0,0,"0.0%",0,7,0.5,0.1,"0.3%",0,5
Spencer Brown,2022,2,5,2.5,0,"3.8%",0,0,"0%",0,0.0,0,"0.0%",0,2,0.5,0.3,"0.0%",0,5
Mike Davis,2022,3,4,1.3,0,"5.8%",0,0,"0%",0,0.0,0,"0.0%",0,5,0.4,0.1,"1.0%",0,4
Duke Johnson,2022,1,4,4.0,0,"1.7%",0,0,"0%",0,0.0,0,"0.0%",0,1,0.4,0.4,"0.0%",0,4
Adam Prentice,2022,2,4,2.0,0,"5.6%",0,0,"0%",0,0.0,0,"0.0%",0,6,0.4,0.1,"0.0%",0,4
D'Ernest Johnson,2022,1,4,4.0,0,"1.5%",0,0,"0%",0,0.0,0,"0.0%",0,10,0.4,0.0,"0.4%",0,4
Anthony McFarland,2022,1,3,3.0,0,"2.0%",0,0,"0%",0,0.0,0,"0.0%",0,1,0.3,0.3,"0.0%",0,3
Jonathan Williams,2022,2,3,1.5,0,"3.8%",0,0,"0%",0,0.0,0,"0.0%",0,9,0.3,0.0,"0.0%",0,3
Ronald Jones,2022,1,3,3.0,0,"1.6%",0,0,"0%",0,0.0,0,"0.0%",0,5,0.3,0.1,"0.0%",0,3
Dwayne Washington,2022,1,3,3.0,0,"2.8%",0,0,"0%",0,0.0,0,"0.0%",0,7,0.3,0.0,"0.0%",0,3
Michael Burton,2022,1,2,2.0,0,"1.6%",0,0,"0%",0,0.0,0,"0.0%",0,12,0.2,0.0,"0.0%",0,2
Patrick Taylor,2022,1,2,2.0,0,"1.8%",0,0,"0%",0,0.0,0,"0.0%",0,7,0.2,0.0,"0.0%",0,2
Tyrion Davis-Price,2022,6,2,0.3,0,"9.8%",0,0,"0%",0,0.0,0,"0.0%",0,5,0.2,0.0,"0.1%",0,2
JD McKissic,2022,1,1,1.0,0,"1.9%",0,4,"0.0%",0,0.0,0,"36.4%",0,9,0.1,0.0,"0.0%",0,1
Ty Johnson,2022,2,0,0.0,0,"3.1%",0,0,"0%",0,0.0,0,"0.0%",0,12,0.0,0.0,"0.6%",0,0
Phillip Lindsay,2022,0,0,0.0,0,"0.0%",0,0,"0%",0,0.0,0,"0.0%",0,3,0.0,0.0,"0.0%",0,0
Kyren Williams,2022,0,0,0.0,0,"0.0%",0,1,"0.0%",0,0.0,0,"12.5%",0,8,0.0,0.0,"99.8%",0,0
Isaiah Spiller,2022,0,0,0.0,0,"0.0%",0,0,"0%",0,0.0,0,"0.0%",0,5,0.0,0.0,"0.2%",0,0
Sandro Platzgummer,2022,0,0,0.0,0,"0.0%",0,0,"0%",0,0.0,0,"0.0%",0,1,0.0,0.0,"0.0%",0,0
Jakob Johnson,2022,0,0,0.0,0,"0.0%",0,0,"0%",0,0.0,0,"0.0%",0,11,0.0,0.0,"0.0%",0,0
Keith Smith,2022,0,0,0.0,0,"0.0%",0,1,"0.0%",0,0.0,0,"14.3%",0,10,0.0,0.0,"0.0%",0,0
JJ Taylor,2022,1,-1,-1.0,0,"2.0%",0,0,"0%",0,0.0,0,"0.0%",0,1,-0.1,-0.1,"0.1%",0,-1
Devine Ozigbo,2022,1,-2,-2.0,0,"2.8%",0,0,"0%",0,0.0,0,"0.0%",0,3,-0.2,-0.1,"0.0%",0,-2
Zamir White,2022,2,-5,-2.5,0,"4.5%",0,0,"0%",0,0.0,0,"0.0%",0,11,-0.5,0.0,"90.3%",0,-5
Julius Chestnut,2022,3,-5,-1.7,0,"7.0%",0,0,"0%",0,0.0,0,"0.0%",0,6,-0.5,-0.1,"0.2%",0,-5
Zack Moss,2022,10,12,1.2,0,"17.2%",0,0,"0%",0,0.0,0,"0.0%",1,13,-0.8,-0.1,"83.9%",0,12
David Johnson,2022,2,4,2.0,0,"5.6%",0,0,"0%",0,0.0,0,"0.0%",1,4,-1.6,-0.4,"0.0%",0,4
Christian McCaffrey,2023,65,205,3.2,13,"80.2%",13,17,"76.5%",67,5.2,5,"70.8%",2,16,144.2,9.0,"100.0%",18,272
Raheem Mostert,2023,47,163,3.5,16,"54.7%",6,6,"100.0%",36,6.0,3,"28.6%",0,15,139.9,9.3,"89.8%",19,199
Kyren Williams,2023,55,218,4.0,11,"75.3%",5,13,"38.5%",22,4.4,3,"81.3%",0,12,113.0,9.4,"99.8%",14,240
Joe Mixon,2023,55,150,2.7,8,"87.3%",11,13,"84.6%",68,6.2,2,"86.7%",0,17,92.8,5.5,"98.8%",10,218
Gus Edwards,2023,39,101,2.6,13,"52.7%",0,0,"0%",0,0.0,0,"0.0%",0,17,88.1,5.2,"75.4%",13,101
Isiah Pacheco,2023,42,145,3.5,6,"80.8%",8,9,"88.9%",46,5.8,2,"50.0%",0,14,75.1,5.4,"99.8%",8,191
David Montgomery,2023,51,145,2.8,10,"54.3%",1,1,"100.0%",-7,-7.0,0,"12.5%",0,14,74.8,5.3,"93.4%",10,138
Derrick Henry,2023,34,88,2.6,9,"77.3%",1,2,"50.0%",4,4.0,0,"25.0%",0,17,72.8,4.3,"99.9%",9,92
Jahmyr Gibbs,2023,36,120,3.3,7,"38.3%",4,7,"57.1%",26,6.5,1,"87.5%",0,15,66.6,4.4,"99.8%",8,146
De'Von Achane,2023,23,98,4.3,5,"26.7%",5,6,"83.3%",33,6.6,3,"28.6%",0,11,66.1,6.0,"99.0%",8,131
James Conner,2023,32,93,2.9,6,"86.5%",4,5,"80.0%",29,7.3,2,"83.3%",0,13,64.2,4.9,"91.2%",8,122
Kareem Hunt,2023,35,85,2.4,9,"58.3%",1,1,"100.0%",3,3.0,0,"14.3%",0,15,63.8,4.3,"0.7%",9,88
Alvin Kamara,2023,38,122,3.2,5,"71.7%",8,8,"100.0%",47,5.9,1,"80.0%",0,13,60.9,4.7,"97.1%",6,169
Travis Etienne,2023,38,116,3.1,7,"74.5%",2,2,"100.0%",6,3.0,0,"100.0%",0,17,56.2,3.3,"99.8%",7,122
Jonathan Taylor,2023,31,90,2.9,6,"38.3%",3,4,"75.0%",18,6.0,1,"33.3%",0,10,55.8,5.6,"99.9%",7,108
Rachaad White,2023,37,88,2.4,6,"88.1%",7,8,"87.5%",38,5.4,0,"88.9%",0,17,55.6,3.3,"98.0%",6,126
D'Andre Swift,2023,38,123,3.2,5,"60.3%",5,5,"100.0%",21,4.2,1,"100.0%",0,16,55.4,3.5,"92.0%",6,144
Zack Moss,2023,40,111,2.8,4,"49.4%",4,7,"57.1%",37,9.3,2,"58.3%",0,14,54.8,3.9,"83.9%",6,148
Najee Harris,2023,38,96,2.5,7,"67.9%",1,1,"100.0%",4,4.0,0,"12.5%",0,17,53.0,3.1,"90.3%",7,100
Tony Pollard,2023,57,161,2.8,4,"72.2%",10,11,"90.9%",29,2.9,0,"73.3%",0,17,53.0,3.1,"87.2%",4,190
Bijan Robinson,2023,22,67,3.0,4,"33.8%",6,9,"66.7%",39,6.5,2,"64.3%",0,17,52.6,3.1,"99.9%",6,106
Kenneth WalkerI,2023,38,76,2.0,7,"62.3%",2,3,"66.7%",-4,-2.0,0,"75.0%",0,15,51.2,3.4,"97.0%",7,72
Brian Robinson,2023,25,96,3.8,5,"59.5%",4,4,"100.0%",-2,-0.5,1,"44.4%",0,15,49.4,3.3,"86.7%",6,94
Jerome Ford,2023,16,24,1.5,3,"26.7%",5,6,"83.3%",32,6.4,3,"85.7%",0,17,46.6,2.7,"71.3%",6,56
Saquon Barkley,2023,38,59,1.6,4,"79.2%",4,5,"80.0%",11,2.8,2,"100.0%",1,14,45.0,3.2,"100.0%",6,70
Josh Jacobs,2023,37,69,1.9,5,"75.5%",5,7,"71.4%",22,4.4,0,"63.6%",0,13,44.1,3.4,"99.0%",5,91
Jerick McKinnon,2023,3,6,2.0,1,"5.8%",5,5,"100.0%",40,8.0,4,"27.8%",0,12,43.8,3.7,"0.6%",5,46
Ezekiel Elliott,2023,22,47,2.1,3,"52.4%",3,5,"60.0%",32,10.7,2,"45.5%",0,17,40.9,2.4,"80.7%",5,79
Austin Ekeler,2023,27,47,1.7,5,"56.3%",6,9,"66.7%",12,2.0,0,"75.0%",1,14,39.9,2.9,"84.3%",5,59
James Cook,2023,29,86,3.0,1,"45.3%",4,6,"66.7%",32,8.0,3,"60.0%",0,17,39.8,2.3,"98.4%",4,118
Breece Hall,2023,22,56,2.5,2,"62.9%",5,7,"71.4%",42,8.4,2,"63.6%",0,17,38.8,2.3,"99.9%",4,98
Chuba Hubbard,2023,36,86,2.4,5,"73.5%",0,1,"0.0%",0,0.0,0,"25.0%",0,17,38.6,2.3,"41.3%",5,86
D'Onta Foreman,2023,17,47,2.8,4,"37.0%",2,2,"100.0%",14,7.0,1,"15.4%",0,9,38.1,4.2,"2.8%",5,61
Javonte Williams,2023,41,96,2.3,2,"69.5%",3,3,"100.0%",10,3.3,2,"21.4%",0,16,37.6,2.4,"84.6%",4,106
Devin Singletary,2023,31,87,2.8,3,"51.7%",3,4,"75.0%",15,5.0,0,"44.4%",0,17,35.4,2.1,"84.1%",3,102
Justice Hill,2023,24,69,2.9,3,"32.4%",2,2,"100.0%",22,11.0,1,"28.6%",0,16,35.1,2.2,"2.1%",4,91
Rico Dowdle,2023,15,34,2.3,2,"19.0%",3,4,"75.0%",28,9.3,2,"26.7%",0,16,33.2,2.1,"31.3%",4,62
Latavius Murray,2023,20,41,2.1,4,"31.3%",3,3,"100.0%",10,3.3,0,"30.0%",0,16,32.1,2.0,"0.0%",4,51
Jaylen Warren,2023,18,71,3.9,3,"32.1%",5,5,"100.0%",16,3.2,0,"62.5%",1,17,29.7,1.7,"86.6%",3,87
Rhamondre Stevenson,2023,19,59,3.1,3,"45.2%",3,4,"75.0%",25,8.3,0,"36.4%",0,12,29.4,2.5,"92.4%",3,84
Tyler Allgeier,2023,35,103,2.9,3,"53.8%",1,2,"50.0%",0,0.0,0,"14.3%",0,17,29.3,1.7,"44.6%",3,103
Aaron Jones,2023,31,101,3.3,2,"40.8%",6,9,"66.7%",10,1.7,0,"69.2%",0,11,29.1,2.6,"94.7%",2,111
Alexander Mattison,2023,23,21,0.9,0,"56.1%",5,11,"45.5%",26,5.2,3,"68.8%",0,16,27.7,1.7,"6.2%",3,47
Ty Chandler,2023,11,24,2.2,3,"26.8%",3,3,"100.0%",22,7.3,0,"18.8%",0,16,25.6,1.6,"38.1%",3,46
Khalil Herbert,2023,14,47,3.4,2,"30.4%",2,4,"50.0%",7,3.5,1,"30.8%",0,12,25.4,2.1,"18.3%",3,54
Antonio Gibson,2023,9,26,2.9,1,"21.4%",4,5,"80.0%",26,6.5,2,"55.6%",1,16,25.2,1.6,"32.7%",3,52
Jaleel McLaughlin,2023,7,21,3.0,1,"11.9%",6,7,"85.7%",39,6.5,1,"50.0%",0,17,24.0,1.4,"23.8%",2,60
Salvon Ahmed,2023,6,21,3.5,1,"7.0%",5,5,"100.0%",33,6.6,1,"23.8%",0,9,22.4,2.5,"0.0%",2,54
AJ Dillon,2023,36,79,2.2,2,"47.4%",1,1,"100.0%",1,1.0,0,"7.7%",0,15,21.0,1.4,"5.4%",2,80
Roschon Johnson,2023,10,26,2.6,2,"21.7%",3,4,"75.0%",15,5.0,0,"30.8%",0,15,19.1,1.3,"4.1%",2,41
Clyde Edwards-Helaire,2023,7,11,1.6,1,"13.5%",3,4,"75.0%",9,3.0,1,"22.2%",0,15,17.0,1.1,"5.5%",2,20
Dameon Pierce,2023,23,26,1.1,2,"38.3%",1,1,"100.0%",9,9.0,0,"11.1%",0,14,16.5,1.2,"6.0%",2,35
Samaje Perine,2023,11,48,4.4,1,"18.6%",3,3,"100.0%",19,6.3,0,"21.4%",0,17,15.7,0.9,"0.9%",1,67
Darrell Henderson,2023,5,9,1.8,2,"6.8%",2,3,"66.7%",8,4.0,0,"18.8%",0,4,15.7,3.9,"5.0%",2,17
Kenneth Gainwell,2023,24,56,2.3,2,"38.1%",0,0,"0%",0,0.0,0,"0.0%",1,16,15.6,1.0,"2.6%",2,56
Cam Akers,2023,7,24,3.4,2,"17.1%",1,2,"50.0%",-3,-3.0,0,"12.5%",0,7,15.1,2.2,"0.8%",2,21
Kyle Juszczyk,2023,2,3,1.5,0,"2.5%",5,5,"100.0%",28,5.6,1,"20.8%",0,17,14.1,0.8,"0.7%",1,31
Chris Rodriguez,2023,7,18,2.6,2,"16.7%",0,0,"0%",0,0.0,0,"0.0%",0,11,13.8,1.3,"0.7%",2,18
Jordan Mason,2023,5,17,3.4,2,"6.2%",0,0,"0%",0,0.0,0,"0.0%",0,16,13.7,0.9,"2.7%",2,17
Tyjae Spears,2023,10,34,3.4,1,"22.7%",3,6,"50.0%",12,4.0,0,"75.0%",0,17,13.6,0.8,"84.1%",1,46
Tank Bigsby,2023,8,14,1.8,2,"15.7%",0,0,"0%",0,0.0,0,"0.0%",0,16,13.4,0.8,"3.5%",2,14
Tony Jones,2023,5,10,2.0,2,"9.4%",0,1,"0.0%",0,0.0,0,"10.0%",0,7,13.0,1.9,"0.0%",2,10
Michael Carter,2023,4,18,4.5,0,"11.4%",3,4,"75.0%",13,4.3,1,"36.4%",0,15,12.1,0.8,"0.8%",1,31
Joshua Kelley,2023,13,40,3.1,1,"27.1%",1,1,"100.0%",0,0.0,0,"8.3%",0,17,11.0,0.6,"0.1%",1,40
Darrynton Evans,2023,5,30,6.0,1,"10.9%",1,2,"50.0%",8,8.0,0,"15.4%",0,6,10.8,1.8,"0.1%",1,38
Miles Sanders,2023,11,10,0.9,1,"22.4%",2,3,"66.7%",4,2.0,0,"75.0%",0,16,9.4,0.6,"5.3%",1,14
Royce Freeman,2023,13,33,2.5,1,"17.8%",0,0,"0%",0,0.0,0,"0.0%",0,11,9.3,0.8,"0.4%",1,33
Patrick Ricard,2023,0,0,0.0,0,"0.0%",2,3,"66.7%",7,3.5,1,"42.9%",0,17,8.7,0.5,"0.1%",1,7
Elijah Mitchell,2023,9,19,2.1,1,"11.1%",1,2,"50.0%",-5,-5.0,0,"8.3%",0,11,8.4,0.8,"11.2%",1,14
Cordarrelle Patterson,2023,8,12,1.5,0,"12.3%",1,2,"50.0%",2,2.0,1,"14.3%",0,14,8.4,0.6,"0.9%",1,14
JK Dobbins,2023,1,4,4.0,1,"1.4%",1,1,"100.0%",5,5.0,0,"14.3%",0,1,7.9,7.9,"54.8%",1,9
Emari Demercado,2023,3,19,6.3,1,"8.1%",0,1,"0.0%",0,0.0,0,"16.7%",0,14,7.9,0.6,"0.6%",1,19
Kevin Harris,2023,1,18,18.0,1,"2.4%",0,0,"0%",0,0.0,0,"0.0%",0,4,7.8,2.0,"0.1%",1,18
Zamir White,2023,10,9,0.9,1,"20.4%",2,2,"100.0%",7,3.5,0,"18.2%",1,15,7.6,0.5,"90.3%",1,16
Damien Harris,2023,6,16,2.7,1,"9.4%",0,0,"0%",0,0.0,0,"0.0%",0,7,7.6,1.1,"4.6%",1,16
Zach Charbonnet,2023,21,15,0.7,1,"34.4%",0,1,"0.0%",0,0.0,0,"25.0%",0,16,7.5,0.5,"57.2%",1,15
Matt Breida,2023,8,15,1.9,1,"16.7%",0,0,"0%",0,0.0,0,"0.0%",0,17,7.5,0.4,"0.1%",1,15
Hunter Luepke,2023,2,4,2.0,1,"2.5%",0,0,"0%",0,0.0,0,"0.0%",0,17,6.4,0.4,"0.0%",1,4
Craig Reynolds,2023,7,23,3.3,1,"7.4%",0,0,"0%",0,0.0,0,"0.0%",1,15,6.3,0.4,"0.3%",1,23
Nick Bawden,2023,1,1,1.0,1,"2.9%",0,0,"0%",0,0.0,0,"0.0%",0,16,6.1,0.4,"0.0%",1,1
Melvin GordonI,2023,6,1,0.2,1,"8.1%",0,0,"0%",0,0.0,0,"0.0%",0,4,6.1,1.5,"0.0%",1,1
Pierre Strong,2023,6,0,0.0,1,"10.0%",0,0,"0%",0,0.0,0,"0.0%",0,17,6.0,0.4,"0.1%",1,0
Isaiah Spiller,2023,7,24,3.4,0,"14.6%",2,2,"100.0%",14,7.0,0,"16.7%",0,9,5.8,0.6,"0.2%",0,38
Alec Ingold,2023,0,0,0.0,0,"0.0%",3,3,"100.0%",22,7.3,0,"14.3%",0,17,5.2,0.3,"0.1%",0,22
Jamaal Williams,2023,10,33,3.3,0,"18.9%",1,1,"100.0%",3,3.0,0,"10.0%",0,13,4.6,0.4,"2.8%",0,36
Ty Montgomery,2023,0,0,0.0,0,"0.0%",2,2,"100.0%",20,10.0,0,"18.2%",0,13,4.0,0.3,"0.0%",0,20
Patrick Taylor,2023,8,17,2.1,0,"10.5%",2,3,"66.7%",-4,-2.0,0,"23.1%",0,11,3.3,0.3,"0.0%",0,13
Jeff Wilson,2023,8,33,4.1,0,"9.3%",0,1,"0.0%",0,0.0,0,"4.8%",0,10,3.3,0.3,"0.6%",0,33
Anthony McFarland,2023,0,0,0.0,0,"0.0%",2,2,"100.0%",11,5.5,0,"25.0%",0,3,3.1,1.0,"0.0%",0,11
Tyler Goodson,2023,4,10,2.5,0,"4.9%",1,1,"100.0%",7,7.0,0,"8.3%",0,6,2.7,0.5,"0.1%",0,17
Chase Brown,2023,7,3,0.4,0,"11.1%",1,1,"100.0%",8,8.0,0,"6.7%",0,12,2.1,0.2,"74.3%",0,11
Nick Chubb,2023,3,20,6.7,0,"5.0%",0,0,"0%",0,0.0,0,"0.0%",0,2,2.0,1.0,"82.9%",0,20
Ty Johnson,2023,5,10,2.0,0,"7.8%",1,1,"100.0%",-1,-1.0,0,"10.0%",0,9,1.9,0.2,"0.6%",0,9
Leonard Fournette,2023,4,17,4.3,0,"6.3%",0,0,"0%",0,0.0,0,"0.0%",0,2,1.7,0.9,"2.1%",0,17
Trayveon Williams,2023,1,2,2.0,0,"1.6%",1,1,"100.0%",3,3.0,0,"6.7%",0,17,1.5,0.1,"0.3%",0,5
Khari Blasingame,2023,0,0,0.0,0,"0.0%",1,1,"100.0%",4,4.0,0,"7.7%",0,16,1.4,0.1,"0.1%",0,4
Michael Burton,2023,0,0,0.0,0,"0.0%",1,1,"100.0%",4,4.0,0,"7.1%",0,17,1.4,0.1,"0.0%",0,4
Deon Jackson,2023,4,13,3.3,0,"4.9%",0,0,"0%",0,0.0,0,"0.0%",0,2,1.3,0.7,"0.0%",0,13
Ameer Abdullah,2023,0,0,0.0,0,"0.0%",1,2,"50.0%",1,1.0,0,"18.2%",0,17,1.1,0.1,"0.5%",0,1
Deuce Vaughn,2023,5,11,2.2,0,"6.3%",0,0,"0%",0,0.0,0,"0.0%",0,7,1.1,0.2,"0.9%",0,11
D'Ernest Johnson,2023,5,10,2.0,0,"9.8%",0,0,"0%",0,0.0,0,"0.0%",0,17,1.0,0.1,"0.4%",0,10
Dalvin Cook,2023,8,10,1.3,0,"22.9%",0,0,"0%",0,0.0,0,"0.0%",0,15,1.0,0.1,"0.7%",0,10
Keith Smith,2023,0,0,0.0,0,"0.0%",1,1,"100.0%",-1,-1.0,0,"7.1%",0,13,0.9,0.1,"0.0%",0,-1
Keaontay Ingram,2023,2,7,3.5,0,"5.4%",0,0,"0%",0,0.0,0,"0.0%",0,7,0.7,0.1,"0.1%",0,7
Brandon Bolden,2023,2,6,3.0,0,"4.1%",0,0,"0%",0,0.0,0,"0.0%",0,5,0.6,0.1,"0.0%",0,6
Trey Sermon,2023,2,4,2.0,0,"2.5%",0,0,"0%",0,0.0,0,"0.0%",0,12,0.4,0.0,"0.9%",0,4
Emanuel Wilson,2023,1,3,3.0,0,"1.3%",0,0,"0%",0,0.0,0,"0.0%",0,7,0.3,0.0,"0.1%",0,3
Dare Ogunbowale,2023,2,3,1.5,0,"3.3%",0,0,"0%",0,0.0,0,"0.0%",0,10,0.3,0.0,"0.3%",0,3
Keaton Mitchell,2023,4,2,0.5,0,"5.4%",0,1,"0.0%",0,0.0,0,"14.3%",0,7,0.2,0.0,"8.3%",0,2
Raheem Blackshear,2023,2,2,1.0,0,"4.1%",0,0,"0%",0,0.0,0,"0.0%",0,11,0.2,0.0,"0.1%",0,2
Eric Gray,2023,1,2,2.0,0,"2.1%",0,0,"0%",0,0.0,0,"0.0%",0,14,0.2,0.0,"1.7%",0,2
Jashaun Corbin,2023,1,1,1.0,0,"2.1%",0,0,"0%",0,0.0,0,"0.0%",0,3,0.1,0.0,"0.0%",0,1
Elijah Dotson,2023,1,1,1.0,0,"2.1%",0,0,"0%",0,0.0,0,"0.0%",0,4,0.1,0.0,"0.0%",0,1
Corey Clement,2023,0,0,0.0,0,"0.0%",0,0,"0%",0,0.0,0,"0.0%",0,2,0.0,0.0,"0.0%",0,0
Chris Brooks,2023,2,0,0.0,0,"2.3%",0,0,"0%",0,0.0,0,"0.0%",0,4,0.0,0.0,"0.1%",0,0
Derrick Gore,2023,1,0,0.0,0,"2.4%",0,0,"0%",0,0.0,0,"0.0%",0,5,0.0,0.0,"0.0%",0,0
Mike Boone,2023,1,0,0.0,0,"1.7%",0,0,"0%",0,0.0,0,"0.0%",0,9,0.0,0.0,"0.0%",0,0
Bryant Koback,2023,0,0,0.0,0,"0.0%",0,0,"0%",0,0.0,0,"0.0%",0,1,0.0,0.0,"0.0%",0,0
Ke'Shawn Vaughn,2023,1,-2,-2.0,0,"2.4%",0,1,"0.0%",0,0.0,0,"11.1%",0,5,-0.2,0.0,"0.0%",0,-2
DeeJay Dallas,2023,2,-2,-1.0,0,"3.3%",0,0,"0%",0,0.0,0,"0.0%",0,17,-0.2,0.0,"0.1%",0,-2
Chase Edmonds,2023,4,-4,-1.0,0,"9.5%",0,0,"0%",0,0.0,0,"0.0%",0,13,-0.4,0.0,"0.5%",0,-4
Boston Scott,2023,1,-7,-7.0,0,"1.6%",0,0,"0%",0,0.0,0,"0.0%",0,12,-0.7,-0.1,"0.1%",0,-7
