"Player","year","rz_REC","rz_TGT","rz_REC PCT","rz_YDS_rush","rz_Y/R","rz_TD_rush","rz_TGT PCT","rz_ATT","rz_YDS_rec","rz_TD_rec","rz_PCT","rz_FL","rz_G","rz_FPTS","rz_FPTS/G","rz_ROST %","rz_TD_total","rz_YDS_total"
Eric Ebron,2018,11,20,"55.0%",126,11.5,10,"58.8%",2,1,1,"100.0%",0,16,89.7,5.6,"0.0%",11,127
Travis Kelce,2018,16,25,"64.0%",134,8.4,9,"86.2%",0,0,0,"0%",0,16,83.4,5.2,"99.9%",9,134
Zach Ertz,2018,15,26,"57.7%",114,7.6,7,"68.4%",0,0,0,"0%",0,16,68.4,4.3,"2.5%",7,114
Cameron Brate,2018,8,12,"66.7%",72,9.0,6,"60.0%",0,0,0,"0%",0,16,51.2,3.2,"2.0%",6,72
Trey Burton,2018,9,12,"75.0%",55,6.1,5,"80.0%",1,2,0,"100.0%",0,16,44.7,2.8,"0.0%",5,57
Austin Hooper,2018,9,13,"69.2%",49,5.4,4,"81.3%",0,0,0,"0%",0,16,37.9,2.4,"0.2%",4,49
Jared Cook,2018,10,15,"66.7%",69,6.9,3,"71.4%",0,0,0,"0%",0,16,34.9,2.2,"0.0%",3,69
Jordan Thomas,2018,6,8,"75.0%",47,7.8,4,"40.0%",0,0,0,"0%",0,16,34.7,2.2,"0.0%",4,47
OJ Howard,2018,5,7,"71.4%",50,10.0,4,"35.0%",0,0,0,"0%",0,10,34.0,3.4,"0.0%",4,50
Greg Olsen,2018,5,6,"83.3%",35,7.0,4,"24.0%",0,0,0,"0%",0,9,32.5,3.6,"7.0%",4,35
David Njoku,2018,5,6,"83.3%",30,6.0,4,"75.0%",0,0,0,"0%",0,16,32.0,2.0,"92.1%",4,30
Chris Herndon IV,2018,6,8,"75.0%",78,13.0,3,"61.5%",0,0,0,"0%",0,16,31.8,2.0,"0.0%",3,78
Kyle Rudolph,2018,8,15,"53.3%",42,5.3,3,"93.8%",0,0,0,"0%",0,16,30.2,1.9,"0.0%",3,42
Nick Vannett,2018,5,6,"83.3%",40,8.0,3,"46.2%",0,0,0,"0%",0,15,27.0,1.8,"0.0%",3,40
Vance McDonald,2018,5,10,"50.0%",38,7.6,3,"66.7%",0,0,0,"0%",0,15,26.8,1.8,"0.0%",3,38
Erik Swoope,2018,4,4,"100.0%",39,9.8,3,"11.8%",0,0,0,"0.0%",0,7,25.9,3.7,"0.0%",3,39
Dallas Goedert,2018,5,7,"71.4%",28,5.6,3,"18.4%",0,0,0,"0%",0,16,25.8,1.6,"86.8%",3,28
Ed Dickson,2018,4,5,"80.0%",37,9.3,3,"38.5%",0,0,0,"0%",0,10,25.7,2.6,"0.0%",3,37
CJ Uzomah,2018,4,6,"66.7%",35,8.8,3,"50.0%",0,0,0,"0%",0,16,25.5,1.6,"0.1%",3,35
George Kittle,2018,8,14,"57.1%",54,6.8,2,"77.8%",0,0,0,"0%",0,16,25.4,1.6,"98.5%",2,54
Demetrius Harris,2018,3,4,"75.0%",43,14.3,3,"13.8%",0,0,0,"0%",0,15,25.3,1.7,"0.0%",3,43
Michael Roberts,2018,3,7,"42.9%",34,11.3,3,"87.5%",0,0,0,"0%",0,8,24.4,3.1,"0.0%",3,34
Lee Smith,2018,4,4,"100.0%",7,1.8,3,"19.0%",0,0,0,"0%",0,16,22.7,1.4,"0.0%",3,7
Jack Doyle,2018,6,7,"85.7%",41,6.8,2,"20.6%",0,0,0,"0.0%",0,6,22.1,3.7,"2.0%",2,41
Benjamin Watson,2018,6,9,"66.7%",36,6.0,2,"75.0%",0,0,0,"0.0%",0,16,21.6,1.4,"2.8%",2,36
Gerald Everett,2018,6,11,"54.5%",32,5.3,2,"64.7%",0,0,0,"0%",0,16,21.2,1.3,"0.7%",2,32
Jimmy Graham,2018,4,9,"44.4%",35,8.8,2,"69.2%",0,0,0,"0%",0,16,19.5,1.2,"0.0%",2,35
Evan Engram,2018,3,6,"50.0%",29,9.7,2,"42.9%",1,12,0,"100.0%",0,11,19.1,1.7,"95.5%",2,41
Jeff Heuerman,2018,4,13,"30.8%",25,6.3,2,"72.2%",0,0,0,"0%",0,11,18.5,1.7,"0.0%",2,25
Tyler Higbee,2018,3,6,"50.0%",29,9.7,2,"35.3%",0,0,0,"0%",0,16,17.9,1.1,"1.4%",2,29
Jordan Reed,2018,3,7,"42.9%",20,6.7,2,"58.3%",0,0,0,"0%",0,13,17.0,1.3,"19.0%",2,20
Mark Andrews,2018,3,7,"42.9%",17,5.7,2,"36.8%",0,0,0,"0%",0,16,16.7,1.0,"99.8%",2,17
Jonnu Smith,2018,3,5,"60.0%",14,4.7,2,"35.7%",0,0,0,"0.0%",0,13,16.4,1.3,"4.7%",2,14
Will Dissly,2018,2,2,"100.0%",17,8.5,2,"15.4%",0,0,0,"0%",0,4,15.7,3.9,"0.6%",2,17
Antonio Gates,2018,2,9,"22.2%",11,5.5,2,"64.3%",0,0,0,"0%",0,16,15.1,0.9,"0.2%",2,11
Darren Fells,2018,2,2,"100.0%",7,3.5,2,"25.0%",0,0,0,"0%",0,16,14.7,0.9,"0.0%",2,7
Anthony Firkser,2018,4,4,"100.0%",34,8.5,1,"28.6%",0,0,0,"0.0%",0,12,13.4,1.1,"0.0%",1,34
Rob Gronkowski,2018,3,8,"37.5%",37,12.3,1,"100.0%",0,0,0,"0%",0,13,12.7,1.0,"1.5%",1,37
Ian Thomas,2018,4,6,"66.7%",23,5.8,1,"24.0%",0,0,0,"0%",0,16,12.3,0.8,"0.0%",1,23
Maxx Williams,2018,4,4,"100.0%",22,5.5,1,"21.1%",0,0,0,"0%",0,13,12.2,0.9,"0.0%",1,22
Jesse James,2018,3,5,"60.0%",29,9.7,1,"33.3%",0,0,0,"0%",0,16,11.9,0.7,"0.0%",1,29
Rhett Ellison,2018,3,4,"75.0%",27,9.0,1,"28.6%",0,0,0,"0.0%",0,14,11.7,0.8,"0.0%",1,27
MyCole Pruitt,2018,3,3,"100.0%",23,7.7,1,"21.4%",0,0,0,"0.0%",0,15,11.3,0.8,"0.0%",1,23
Virgil Green,2018,3,5,"60.0%",22,7.3,1,"35.7%",0,0,0,"0%",0,16,11.2,0.7,"0.0%",1,22
Logan Paulsen,2018,2,2,"100.0%",22,11.0,1,"12.5%",0,0,0,"0%",0,15,10.2,0.7,"0.0%",1,22
Jordan Leggett,2018,3,3,"100.0%",12,4.0,1,"23.1%",0,0,0,"0%",0,15,10.2,0.7,"0.0%",1,12
Lance Kendricks,2018,3,3,"100.0%",11,3.7,1,"23.1%",0,0,0,"0%",0,16,10.1,0.6,"0.0%",1,11
Jeremy Sprinkle,2018,2,4,"50.0%",15,7.5,1,"33.3%",0,0,0,"0%",0,16,9.5,0.6,"0.0%",1,15
Geoff Swaim,2018,3,4,"75.0%",5,1.7,1,"44.4%",0,0,0,"0%",0,9,9.5,1.1,"0.0%",1,5
Taysom Hill,2018,1,1,"100.0%",-4,-4.0,0,"8.3%",13,48,1,"100.0%",1,16,9.4,0.6,"16.2%",1,44
AJ Derby,2018,1,2,"50.0%",19,19.0,1,"22.2%",0,0,0,"0%",0,4,8.9,2.2,"0.0%",1,19
Mo Alie-Cox,2018,2,3,"66.7%",8,4.0,1,"8.8%",0,0,0,"0.0%",0,9,8.8,1.0,"0.1%",1,8
Tyler Eifert,2018,1,2,"50.0%",15,15.0,1,"16.7%",0,0,0,"0%",0,4,8.5,2.1,"0.0%",1,15
Garrett Celek,2018,1,2,"50.0%",11,11.0,1,"11.1%",0,0,0,"0%",0,15,8.1,0.5,"0.0%",1,11
Matt LaCosse,2018,1,2,"50.0%",10,10.0,1,"11.1%",0,0,0,"0%",0,15,8.0,0.5,"0.0%",1,10
Derek Carrier,2018,1,2,"50.0%",6,6.0,1,"9.5%",0,0,0,"0%",0,16,7.6,0.5,"0.0%",1,6
Nick O'Leary,2018,1,2,"50.0%",5,5.0,1,"22.2%",0,0,0,"0%",0,12,7.5,0.6,"0.0%",1,5
Austin Seferian-Jenkins,2018,1,2,"50.0%",4,4.0,1,"28.6%",0,0,0,"0%",0,5,7.4,1.5,"0.0%",1,4
Matt Lengel,2018,1,2,"50.0%",4,4.0,1,"16.7%",0,0,0,"0%",0,11,7.4,0.7,"0.0%",1,4
Scott Simonson,2018,1,4,"25.0%",3,3.0,1,"28.6%",0,0,0,"0.0%",0,16,7.3,0.5,"0.0%",1,3
Adam Shaheen,2018,1,1,"100.0%",2,2.0,1,"6.7%",0,0,0,"0.0%",0,6,7.2,1.2,"0.0%",1,2
Josh Hill,2018,1,1,"100.0%",1,1.0,1,"8.3%",0,0,0,"0.0%",0,16,7.1,0.4,"0.0%",1,1
Luke Stocker,2018,1,1,"100.0%",1,1.0,1,"7.1%",1,0,0,"100.0%",0,16,7.1,0.4,"0.0%",1,1
Mike Gesicki,2018,3,5,"60.0%",21,7.0,0,"55.6%",0,0,0,"0%",0,16,5.1,0.3,"3.4%",0,21
Ryan Griffin,2018,2,10,"20.0%",17,8.5,0,"50.0%",0,0,0,"0%",0,14,3.7,0.3,"0.0%",0,17
James O'Shaughnessy,2018,2,2,"100.0%",12,6.0,0,"28.6%",0,0,0,"0%",0,14,3.2,0.2,"0.0%",0,12
Nick Boyle,2018,2,7,"28.6%",6,3.0,0,"36.8%",0,0,0,"0%",0,16,2.6,0.2,"0.0%",0,6
Jermaine Gresham,2018,1,2,"50.0%",11,11.0,0,"28.6%",0,0,0,"0%",0,13,2.1,0.2,"0.0%",0,11
Jason Croom,2018,1,1,"100.0%",11,11.0,0,"9.1%",0,0,0,"0%",0,15,2.1,0.1,"0.0%",0,11
Vernon Davis,2018,1,1,"100.0%",10,10.0,0,"8.3%",0,0,0,"0%",0,14,2.0,0.1,"1.6%",0,10
David Morgan,2018,1,1,"100.0%",9,9.0,0,"6.3%",0,0,0,"0%",0,11,1.9,0.2,"0.0%",0,9
John Phillips,2018,1,1,"100.0%",9,9.0,0,"14.3%",0,0,0,"0%",0,8,1.9,0.2,"0.0%",0,9
Joshua Perkins,2018,1,1,"100.0%",8,8.0,0,"2.6%",0,0,0,"0%",0,9,1.8,0.2,"0.0%",0,8
Ross Dwelley,2018,1,1,"100.0%",8,8.0,0,"5.6%",0,0,0,"0%",0,11,1.8,0.2,"0.0%",0,8
Neal Sterling,2018,1,2,"50.0%",6,6.0,0,"15.4%",0,0,0,"0%",0,5,1.6,0.3,"0.0%",0,6
Charles Clay,2018,1,2,"50.0%",5,5.0,0,"18.2%",0,0,0,"0%",0,13,1.5,0.1,"0.0%",0,5
Tyler Kroft,2018,1,2,"50.0%",5,5.0,0,"16.7%",0,0,0,"0%",0,5,1.5,0.3,"0.0%",0,5
Dalton Schultz,2018,1,2,"50.0%",-1,-1.0,0,"22.2%",0,0,0,"0%",0,11,0.9,0.1,"76.8%",0,-1
Hayden Hurst,2018,0,1,"0.0%",0,0.0,0,"5.3%",0,0,0,"0%",0,12,0.0,0.0,"1.6%",0,0
Jordan Akins,2018,0,2,"0.0%",0,0.0,0,"10.0%",0,0,0,"0%",0,16,0.0,0.0,"0.1%",0,0
Marcedes Lewis,2018,0,1,"0.0%",0,0.0,0,"7.7%",0,0,0,"0%",0,16,0.0,0.0,"0.1%",0,0
Delanie Walker,2018,0,1,"0.0%",0,0.0,0,"7.1%",0,0,0,"0.0%",0,1,0.0,0.0,"0.1%",0,0
Dan Arnold,2018,0,1,"0.0%",0,0.0,0,"8.3%",0,0,0,"0.0%",0,10,0.0,0.0,"0.0%",0,0
Seth DeValve,2018,0,0,"0%",0,0.0,0,"0.0%",0,0,0,"0%",0,13,0.0,0.0,"0.0%",0,0
Ricky Seals-Jones,2018,0,4,"0.0%",0,0.0,0,"57.1%",0,0,0,"0%",0,15,0.0,0.0,"0.0%",0,0
Eric Saubert,2018,0,1,"0.0%",0,0.0,0,"6.3%",0,0,0,"0%",0,16,0.0,0.0,"0.0%",0,0
Blake Jarwin,2018,0,1,"0.0%",0,0.0,0,"11.1%",0,0,0,"0%",0,16,0.0,0.0,"4.0%",0,0
Darrell Daniels,2018,0,0,"0%",0,0.0,0,"0.0%",0,0,0,"0%",0,11,0.0,0.0,"0.0%",0,0
Rico Gathers,2018,0,2,"0.0%",0,0.0,0,"22.2%",0,0,0,"0%",0,15,0.0,0.0,"0.0%",0,0
Chris Manhertz,2018,0,1,"0.0%",0,0.0,0,"4.0%",0,0,0,"0%",0,16,0.0,0.0,"0.0%",0,0
Brian Parker,2018,0,1,"0.0%",0,0.0,0,"5.6%",0,0,0,"0%",0,13,0.0,0.0,"0.0%",0,0
Jake Butt,2018,0,2,"0.0%",0,0.0,0,"11.1%",0,0,0,"0%",0,3,0.0,0.0,"0.1%",0,0
Niles Paul,2018,0,1,"0.0%",0,0.0,0,"14.3%",0,0,0,"0%",0,6,0.0,0.0,"0.0%",0,0
Alan Cross,2018,0,1,"0.0%",0,0.0,0,"5.0%",0,0,0,"0%",0,14,0.0,0.0,"0.0%",0,0
Cole Wick,2018,0,1,"0.0%",0,0.0,0,"5.6%",0,0,0,"0%",0,5,0.0,0.0,"0.0%",0,0
David Grinnage,2018,0,2,"0.0%",0,0.0,0,"28.6%",0,0,0,"0%",0,4,0.0,0.0,"0.0%",0,0
Ben Braunecker,2018,0,2,"0.0%",0,0.0,0,"13.3%",0,0,0,"0.0%",0,15,0.0,0.0,"0.0%",0,0
Levine Toilolo,2018,0,1,"0.0%",0,0.0,0,"12.5%",0,0,0,"0%",0,16,0.0,0.0,"0.0%",0,0
Mark Andrews,2019,8,15,"53.3%",83,10.4,8,"55.6%",0,0,0,"0%",0,15,64.3,4.3,"99.8%",8,83
Darren Fells,2019,10,12,"83.3%",99,9.9,7,"66.7%",0,0,0,"0%",0,16,61.9,3.9,"0.0%",7,99
Austin Hooper,2019,9,16,"56.3%",57,6.3,6,"84.2%",0,0,0,"0%",0,13,50.7,3.9,"0.2%",6,57
Zach Ertz,2019,9,19,"47.4%",44,4.9,5,"63.3%",0,0,0,"0%",0,15,43.4,2.9,"2.5%",5,44
Kyle Rudolph,2019,8,11,"72.7%",51,6.4,5,"55.0%",0,0,0,"0%",0,16,43.1,2.7,"0.0%",5,51
Foster Moreau,2019,7,7,"100.0%",55,7.9,5,"33.3%",0,0,0,"0%",0,13,42.5,3.3,"0.1%",5,55
Jared Cook,2019,5,10,"50.0%",52,10.4,5,"38.5%",0,0,0,"0.0%",0,14,40.2,2.9,"0.0%",5,52
Dallas Goedert,2019,8,11,"72.7%",43,5.4,4,"36.7%",0,0,0,"0%",0,15,36.3,2.4,"86.8%",4,43
Jason Witten,2019,7,10,"70.0%",50,7.1,4,"83.3%",0,0,0,"0%",0,16,36.0,2.3,"0.0%",4,50
Taysom Hill,2019,6,6,"100.0%",38,6.3,4,"23.1%",6,1,0,"100.0%",0,16,33.9,2.1,"16.2%",4,39
Ryan Griffin,2019,5,6,"83.3%",37,7.4,4,"85.7%",0,0,0,"0%",0,13,32.7,2.5,"0.0%",4,37
Will Dissly,2019,4,6,"66.7%",39,9.8,4,"37.5%",0,0,0,"0%",0,6,31.9,5.3,"0.6%",4,39
Darren Waller,2019,7,11,"63.6%",60,8.6,3,"52.4%",0,0,0,"0%",0,16,31.0,1.9,"3.4%",3,60
Hunter Henry,2019,7,10,"70.0%",50,7.1,3,"66.7%",0,0,0,"0%",0,12,30.0,2.5,"20.3%",3,50
Travis Kelce,2019,7,19,"36.8%",41,5.9,2,"100.0%",1,4,1,"100.0%",0,16,29.5,1.8,"99.9%",3,45
Tyler Higbee,2019,11,15,"73.3%",61,5.5,2,"65.2%",0,0,0,"0.0%",0,15,29.1,1.9,"1.4%",2,61
Vance McDonald,2019,7,9,"77.8%",38,5.4,3,"81.8%",0,0,0,"0%",0,14,28.8,2.1,"0.0%",3,38
Josh Hill,2019,8,10,"80.0%",25,3.1,3,"38.5%",0,0,0,"0.0%",0,16,28.5,1.8,"0.0%",3,25
George Kittle,2019,11,17,"64.7%",58,5.3,2,"81.0%",2,-5,0,"100.0%",0,14,28.3,2.0,"98.5%",2,53
Cameron Brate,2019,5,6,"83.3%",40,8.0,3,"35.3%",0,0,0,"0%",0,16,27.0,1.7,"2.0%",3,40
Jacob Hollister,2019,6,9,"66.7%",28,4.7,3,"56.3%",0,0,0,"0%",0,11,26.8,2.4,"0.0%",3,28
Jack Doyle,2019,5,12,"41.7%",36,7.2,3,"46.2%",0,0,0,"0%",0,16,26.6,1.7,"2.0%",3,36
Jimmy Graham,2019,5,10,"50.0%",36,7.2,3,"66.7%",0,0,0,"0%",0,16,26.6,1.7,"0.0%",3,36
Kaden Smith,2019,5,5,"100.0%",20,4.0,3,"26.3%",0,0,0,"0%",0,9,25.0,2.8,"0.0%",3,20
Mike Gesicki,2019,3,9,"33.3%",38,12.7,3,"100.0%",0,0,0,"0%",0,16,24.8,1.6,"3.4%",3,38
Ricky Seals-Jones,2019,4,6,"66.7%",19,4.8,3,"35.3%",0,0,0,"0%",0,14,23.9,1.7,"0.0%",3,19
Gerald Everett,2019,7,8,"87.5%",42,6.0,2,"34.8%",1,0,0,"100.0%",0,13,23.2,1.8,"0.7%",2,42
Irv Smith,2019,7,9,"77.8%",39,5.6,2,"45.0%",0,0,0,"0%",0,16,22.9,1.4,"0.1%",2,39
Jonnu Smith,2019,5,6,"83.3%",44,8.8,2,"37.5%",1,4,0,"100.0%",0,16,21.8,1.4,"4.7%",2,48
Eric Ebron,2019,6,11,"54.5%",36,6.0,2,"42.3%",0,0,0,"0%",0,11,21.6,2.0,"0.0%",2,36
Tyler Eifert,2019,4,9,"44.4%",39,9.8,2,"42.9%",0,0,0,"0%",0,16,19.9,1.2,"0.0%",2,39
Evan Engram,2019,5,11,"45.5%",23,4.6,2,"57.9%",0,0,0,"0%",0,8,19.3,2.4,"95.5%",2,23
Greg Olsen,2019,5,11,"45.5%",19,3.8,2,"84.6%",0,0,0,"0%",0,14,18.9,1.4,"7.0%",2,19
James O'Shaughnessy,2019,3,4,"75.0%",32,10.7,2,"28.6%",0,0,0,"0%",0,5,18.2,3.6,"0.0%",2,32
Logan Thomas,2019,5,7,"71.4%",62,12.4,1,"41.2%",0,0,0,"0%",0,16,17.2,1.1,"0.6%",1,62
Ross Dwelley,2019,3,3,"100.0%",15,5.0,2,"14.3%",0,0,0,"0.0%",0,16,16.5,1.0,"0.0%",2,15
Delanie Walker,2019,2,5,"40.0%",18,9.0,2,"31.3%",0,0,0,"0.0%",0,7,15.8,2.3,"0.1%",2,18
Nick Boyle,2019,2,5,"40.0%",8,4.0,2,"18.5%",0,0,0,"0%",0,16,14.8,0.9,"0.0%",2,8
Demetrius Harris,2019,2,7,"28.6%",3,1.5,2,"41.2%",0,0,0,"0%",0,15,14.3,1.0,"0.0%",2,3
Charles Clay,2019,4,5,"80.0%",38,9.5,1,"50.0%",0,0,0,"0%",0,15,13.8,0.9,"0.0%",1,38
Maxx Williams,2019,3,4,"75.0%",39,13.0,1,"40.0%",0,0,0,"0%",0,16,12.9,0.8,"0.0%",1,39
CJ Uzomah,2019,4,8,"50.0%",28,7.0,1,"38.1%",0,0,0,"0%",0,16,12.8,0.8,"0.1%",1,28
OJ Howard,2019,4,8,"50.0%",37,9.3,1,"47.1%",0,0,0,"0%",1,14,11.7,0.8,"0.0%",1,37
Jeff Heuerman,2019,3,4,"75.0%",23,7.7,1,"21.1%",0,0,0,"0%",0,14,11.3,0.8,"0.0%",1,23
Virgil Green,2019,2,3,"66.7%",29,14.5,1,"20.0%",0,0,0,"0%",0,15,10.9,0.7,"0.0%",1,29
TJ Hockenson,2019,3,7,"42.9%",16,5.3,1,"41.2%",0,0,0,"0%",0,12,10.6,0.9,"78.6%",1,16
Hayden Hurst,2019,3,7,"42.9%",14,4.7,1,"25.9%",0,0,0,"0%",0,16,10.4,0.7,"1.6%",1,14
Robert Tonyan,2019,2,2,"100.0%",23,11.5,1,"13.3%",0,0,0,"0%",0,11,10.3,0.9,"0.0%",1,23
Jesper Horsted,2019,2,3,"66.7%",22,11.0,1,"33.3%",0,0,0,"0%",0,6,10.2,1.7,"0.0%",1,22
Tyler Kroft,2019,2,3,"66.7%",20,10.0,1,"14.3%",0,0,0,"0%",0,12,10.0,0.8,"0.0%",1,20
Anthony Firkser,2019,2,4,"50.0%",16,8.0,1,"25.0%",0,0,0,"0.0%",0,15,9.6,0.6,"0.0%",1,16
Daniel Brown,2019,1,1,"100.0%",20,20.0,1,"14.3%",0,0,0,"0%",0,16,9.0,0.6,"0.0%",1,20
Dawson Knox,2019,2,6,"33.3%",9,4.5,1,"75.0%",0,0,0,"0%",0,15,8.9,0.6,"3.8%",1,9
Derek Carrier,2019,2,3,"66.7%",9,4.5,1,"14.3%",0,0,0,"0%",0,16,8.9,0.6,"0.0%",1,9
Ben Braunecker,2019,1,1,"100.0%",18,18.0,1,"11.1%",0,0,0,"0%",0,11,8.8,0.8,"0.0%",1,18
Jaeden Graham,2019,1,1,"100.0%",18,18.0,1,"5.3%",0,0,0,"0%",0,16,8.8,0.6,"0.0%",1,18
Ian Thomas,2019,2,2,"100.0%",5,2.5,1,"15.4%",0,0,0,"0%",0,16,8.5,0.5,"0.0%",1,5
Jordan Akins,2019,1,6,"16.7%",15,15.0,1,"33.3%",0,0,0,"0%",0,16,8.5,0.5,"0.1%",1,15
Noah Fant,2019,1,9,"11.1%",14,14.0,1,"47.4%",0,0,0,"0%",0,16,8.4,0.5,"15.6%",1,14
Nick O'Leary,2019,1,3,"33.3%",12,12.0,1,"21.4%",0,0,0,"0%",0,12,8.2,0.7,"0.0%",1,12
Ryan Izzo,2019,1,1,"100.0%",10,10.0,1,"12.5%",0,0,0,"0%",0,6,8.0,1.3,"0.0%",1,10
Stephen Carlson,2019,1,1,"100.0%",8,8.0,1,"5.9%",0,0,0,"0%",0,9,7.8,0.9,"0.0%",1,8
Matt LaCosse,2019,1,3,"33.3%",8,8.0,1,"15.8%",0,0,0,"0%",0,12,7.8,0.7,"0.0%",1,8
Cethan Carter,2019,1,1,"100.0%",8,8.0,1,"4.8%",0,0,0,"0%",0,15,7.8,0.5,"0.0%",1,8
Lee Smith,2019,1,1,"100.0%",8,8.0,1,"12.5%",0,0,0,"0%",0,16,7.8,0.5,"0.0%",1,8
Hale Hentges,2019,1,3,"33.3%",6,6.0,1,"30.0%",0,0,0,"0%",0,11,7.6,0.7,"0.0%",1,6
Dan Arnold,2019,1,1,"100.0%",6,6.0,1,"10.0%",0,0,0,"0%",0,6,7.6,1.3,"0.0%",1,6
Troy Fumagalli,2019,1,1,"100.0%",3,3.0,1,"5.3%",0,0,0,"0%",0,11,7.3,0.7,"0.0%",1,3
David Njoku,2019,1,2,"50.0%",3,3.0,1,"11.8%",0,0,0,"0%",0,4,7.3,1.8,"92.1%",1,3
Blake Jarwin,2019,1,2,"50.0%",1,1.0,1,"16.7%",0,0,0,"0%",0,16,7.1,0.4,"4.0%",1,1
Jeremy Sprinkle,2019,1,3,"33.3%",1,1.0,1,"30.0%",0,0,0,"0%",0,16,7.1,0.4,"0.0%",1,1
Marcedes Lewis,2019,1,2,"50.0%",1,1.0,1,"13.3%",0,0,0,"0%",0,16,7.1,0.4,"0.1%",1,1
Benjamin Watson,2019,3,3,"100.0%",6,2.0,0,"37.5%",0,0,0,"0%",0,10,3.6,0.4,"2.8%",0,6
Jesse James,2019,2,2,"100.0%",11,5.5,0,"11.8%",0,0,0,"0%",0,16,3.1,0.2,"0.0%",0,11
Vernon Davis,2019,2,3,"66.7%",11,5.5,0,"30.0%",0,0,0,"0%",0,4,3.1,0.8,"1.6%",0,11
Andrew Beck,2019,2,2,"100.0%",4,2.0,0,"10.5%",0,0,0,"0%",0,16,2.4,0.2,"0.1%",0,4
Sean Culkin,2019,1,1,"100.0%",12,12.0,0,"6.7%",0,0,0,"0%",0,4,2.2,0.6,"0.0%",0,12
Seth DeValve,2019,1,4,"25.0%",11,11.0,0,"28.6%",0,0,0,"0%",0,12,2.1,0.2,"0.0%",0,11
Scott Simonson,2019,1,1,"100.0%",10,10.0,0,"5.3%",0,0,0,"0%",0,6,2.0,0.3,"0.0%",0,10
Pharaoh Brown,2019,1,1,"100.0%",9,9.0,0,"5.9%",0,0,0,"0%",0,9,1.9,0.2,"0.1%",0,9
Nick Vannett,2019,1,2,"50.0%",7,7.0,0,"18.2%",0,0,0,"0%",0,16,1.7,0.1,"0.0%",0,7
JP Holtz,2019,1,1,"100.0%",7,7.0,0,"10.0%",0,0,0,"0%",0,15,1.7,0.1,"0.0%",0,7
Josh Oliver,2019,1,1,"100.0%",6,6.0,0,"7.1%",0,0,0,"0%",0,4,1.6,0.4,"0.2%",0,6
Geoff Swaim,2019,1,2,"50.0%",5,5.0,0,"14.3%",0,0,0,"0%",0,6,1.5,0.3,"0.0%",0,5
Tommy Sweeney,2019,1,1,"100.0%",3,3.0,0,"12.5%",0,0,0,"0%",0,6,1.3,0.2,"0.0%",0,3
Rhett Ellison,2019,1,2,"50.0%",3,3.0,0,"10.5%",0,0,0,"0%",0,10,1.3,0.1,"0.0%",0,3
Levine Toilolo,2019,1,1,"100.0%",2,2.0,0,"4.8%",0,0,0,"0.0%",0,13,1.2,0.1,"0.0%",0,2
Luke Stocker,2019,1,2,"50.0%",2,2.0,0,"10.5%",0,0,0,"0%",0,15,1.2,0.1,"0.0%",0,2
Adam Shaheen,2019,0,3,"0.0%",0,0.0,0,"33.3%",0,0,0,"0%",0,8,0.0,0.0,"0.0%",0,0
Luke Willson,2019,0,1,"0.0%",0,0.0,0,"6.3%",0,0,0,"0%",0,9,0.0,0.0,"0.0%",0,0
Ross Travis,2019,0,1,"0.0%",0,0.0,0,"3.8%",0,0,0,"0%",0,3,0.0,0.0,"0.0%",0,0
Tanner Hudson,2019,0,2,"0.0%",0,0.0,0,"11.8%",0,0,0,"0%",0,9,0.0,0.0,"0.2%",0,0
MyCole Pruitt,2019,0,1,"0.0%",0,0.0,0,"6.3%",0,0,0,"0.0%",0,16,0.0,0.0,"0.0%",0,0
Isaac Nauta,2019,0,1,"0.0%",0,0.0,0,"5.9%",0,0,0,"0%",0,6,0.0,0.0,"0.0%",0,0
Jace Sternberger,2019,0,1,"0.0%",0,0.0,0,"6.7%",0,0,0,"0%",0,6,0.0,0.0,"0.0%",0,0
Lance Kendricks,2019,0,1,"0.0%",0,0.0,0,"6.7%",0,0,0,"0%",0,12,0.0,0.0,"0.0%",0,0
Antony Auclair,2019,0,1,"0.0%",0,0.0,0,"5.9%",0,0,0,"0%",0,8,0.0,0.0,"0.0%",0,0
Mo Alie-Cox,2019,0,1,"0.0%",0,0.0,0,"3.8%",0,0,0,"0%",0,16,0.0,0.0,"0.1%",0,0
Trey Burton,2019,0,2,"0.0%",0,0.0,0,"22.2%",0,0,0,"0%",0,9,0.0,0.0,"0.0%",0,0
Travis Kelce,2020,14,22,"63.6%",100,7.1,10,"95.7%",0,0,0,"0%",0,15,84.2,5.6,"99.9%",10,100
Taysom Hill,2020,1,2,"50.0%",20,20.0,1,"10.0%",26,92,7,"100.0%",1,16,73.8,4.6,"16.2%",8,112
Jonnu Smith,2020,10,16,"62.5%",60,6.0,8,"57.1%",1,1,1,"100.0%",0,15,70.1,4.7,"4.7%",9,61
Darren Waller,2020,18,23,"78.3%",109,6.1,6,"74.2%",0,0,0,"0%",0,16,64.9,4.1,"3.4%",6,109
Jimmy Graham,2020,12,19,"63.2%",82,6.8,7,"67.9%",0,0,0,"0.0%",0,16,62.2,3.9,"0.0%",7,82
Logan Thomas,2020,14,16,"87.5%",104,7.4,5,"94.1%",1,2,0,"100.0%",0,16,54.6,3.4,"0.6%",5,106
Robert Tonyan,2020,9,10,"90.0%",64,7.1,6,"58.8%",0,0,0,"0%",0,16,51.4,3.2,"0.0%",6,64
TJ Hockenson,2020,9,17,"52.9%",59,6.6,6,"68.0%",0,0,0,"0%",0,16,50.9,3.2,"78.6%",6,59
Eric Ebron,2020,10,19,"52.6%",90,9.0,5,"95.0%",0,0,0,"0%",0,15,49.0,3.3,"0.0%",5,90
Irv Smith,2020,8,12,"66.7%",60,7.5,5,"66.7%",0,0,0,"0%",0,13,44.0,3.4,"0.1%",5,60
Jared Cook,2020,7,13,"53.8%",74,10.6,5,"65.0%",0,0,0,"0.0%",1,15,42.4,2.8,"0.0%",5,74
Mike Gesicki,2020,6,14,"42.9%",56,9.3,5,"53.8%",0,0,0,"0%",0,15,41.6,2.8,"3.4%",5,56
Mark Andrews,2020,10,16,"62.5%",73,7.3,4,"84.2%",0,0,0,"0%",0,14,41.3,3.0,"99.8%",4,73
Trey Burton,2020,6,9,"66.7%",50,8.3,3,"40.9%",2,3,2,"100.0%",0,13,41.3,3.2,"0.0%",5,53
Rob Gronkowski,2020,6,16,"37.5%",35,5.8,5,"69.6%",0,0,0,"0%",0,16,39.5,2.5,"1.5%",5,35
Jordan Reed,2020,5,8,"62.5%",45,9.0,4,"50.0%",0,0,0,"0.0%",0,10,33.5,3.4,"19.0%",4,45
Hunter Henry,2020,6,14,"42.9%",27,4.5,4,"73.7%",0,0,0,"0%",0,14,32.7,2.3,"20.3%",4,27
Dalton Schultz,2020,8,12,"66.7%",61,7.6,3,"80.0%",0,0,0,"0.0%",0,16,32.1,2.0,"76.8%",3,61
Noah Fant,2020,7,11,"63.6%",69,9.9,3,"47.8%",0,0,0,"0%",0,15,31.9,2.1,"15.6%",3,69
Tyler Higbee,2020,5,5,"100.0%",19,3.8,4,"55.6%",0,0,0,"0.0%",0,15,30.9,2.1,"1.4%",4,19
Jack Doyle,2020,6,8,"75.0%",54,9.0,3,"36.4%",0,0,0,"0.0%",0,14,29.4,2.1,"2.0%",3,54
Jacob Hollister,2020,6,9,"66.7%",42,7.0,3,"37.5%",0,0,0,"0%",0,16,28.2,1.8,"0.0%",3,42
Dawson Knox,2020,6,10,"60.0%",38,6.3,3,"55.6%",0,0,0,"0%",0,12,27.8,2.3,"3.8%",3,38
Tyler Kroft,2020,5,5,"100.0%",25,5.0,3,"27.8%",0,0,0,"0%",0,10,25.5,2.6,"0.0%",3,25
Harrison Bryant,2020,4,5,"80.0%",21,5.3,3,"29.4%",0,0,0,"0%",0,15,24.1,1.6,"0.0%",3,21
Hayden Hurst,2020,4,12,"33.3%",21,5.3,3,"92.3%",0,0,0,"0%",0,16,24.1,1.5,"1.6%",3,21
Austin Hooper,2020,4,8,"50.0%",18,4.5,3,"47.1%",0,0,0,"0%",0,13,23.8,1.8,"0.2%",3,18
Marcedes Lewis,2020,3,4,"75.0%",24,8.0,3,"23.5%",0,0,0,"0%",0,15,23.4,1.6,"0.1%",3,24
Dan Arnold,2020,4,5,"80.0%",10,2.5,3,"55.6%",0,0,0,"0%",0,16,23.0,1.4,"0.0%",3,10
Adam Shaheen,2020,3,6,"50.0%",14,4.7,3,"23.1%",0,0,0,"0%",0,16,22.4,1.4,"0.0%",3,14
Evan Engram,2020,5,13,"38.5%",39,7.8,1,"76.5%",3,5,1,"100.0%",0,16,21.4,1.3,"95.5%",2,44
Tyler Eifert,2020,5,11,"45.5%",34,6.8,2,"78.6%",0,0,0,"0%",0,15,20.4,1.4,"0.0%",2,34
Dallas Goedert,2020,5,6,"83.3%",32,6.4,2,"35.3%",0,0,0,"0%",0,11,20.2,1.8,"86.8%",2,32
Jesse James,2020,5,7,"71.4%",28,5.6,2,"28.0%",0,0,0,"0%",0,16,19.8,1.2,"0.0%",2,28
Jason Witten,2020,4,7,"57.1%",16,4.0,2,"22.6%",0,0,0,"0%",0,16,17.6,1.1,"0.0%",2,16
Nick Boyle,2020,3,3,"100.0%",23,7.7,2,"15.8%",0,0,0,"0%",0,9,17.3,1.9,"0.0%",2,23
Durham Smythe,2020,4,6,"66.7%",13,3.3,2,"23.1%",0,0,0,"0%",0,15,17.3,1.2,"0.2%",2,13
Gerald Everett,2020,2,3,"66.7%",28,14.0,1,"33.3%",1,2,1,"100.0%",0,16,17.0,1.1,"0.7%",2,30
Will Dissly,2020,2,4,"50.0%",29,14.5,2,"16.7%",0,0,0,"0%",0,16,16.9,1.1,"0.6%",2,29
Mo Alie-Cox,2020,3,5,"60.0%",16,5.3,2,"22.7%",0,0,0,"0.0%",0,15,16.6,1.1,"0.1%",2,16
Cameron Brate,2020,3,3,"100.0%",11,3.7,2,"13.0%",0,0,0,"0%",0,16,16.1,1.0,"2.0%",2,11
David Njoku,2020,2,3,"66.7%",17,8.5,2,"17.6%",0,0,0,"0%",0,13,15.7,1.2,"92.1%",2,17
Chris Herndon IV,2020,2,4,"50.0%",17,8.5,2,"66.7%",0,0,0,"0.0%",0,16,15.7,1.0,"0.0%",2,17
Cole Kmet,2020,2,5,"40.0%",20,10.0,2,"17.9%",1,-3,0,"100.0%",0,16,15.7,1.0,"64.2%",2,17
Darren Fells,2020,2,4,"50.0%",11,5.5,2,"26.7%",0,0,0,"0%",0,16,15.1,0.9,"0.0%",2,11
Greg Olsen,2020,5,9,"55.6%",40,8.0,1,"37.5%",0,0,0,"0%",0,11,15.0,1.4,"7.0%",1,40
Lee Smith,2020,2,3,"66.7%",5,2.5,2,"16.7%",0,0,0,"0%",0,10,14.5,1.5,"0.0%",2,5
Jordan Akins,2020,4,7,"57.1%",42,10.5,1,"46.7%",0,0,0,"0%",0,13,14.2,1.1,"0.1%",1,42
Drew Sample,2020,4,11,"36.4%",35,8.8,1,"78.6%",0,0,0,"0%",0,16,13.5,0.8,"0.1%",1,35
Anthony Firkser,2020,4,7,"57.1%",26,6.5,1,"25.0%",0,0,0,"0.0%",0,16,12.6,0.8,"0.0%",1,26
Zach Ertz,2020,4,6,"66.7%",22,5.5,1,"35.3%",0,0,0,"0%",0,11,12.2,1.1,"2.5%",1,22
Geoff Swaim,2020,3,3,"100.0%",29,9.7,1,"10.7%",0,0,0,"0.0%",0,10,11.9,1.2,"0.0%",1,29
Richard Rodgers,2020,2,3,"66.7%",37,18.5,1,"17.6%",0,0,0,"0%",0,14,11.7,0.8,"0.0%",1,37
Adam Trautman,2020,3,3,"100.0%",19,6.3,1,"15.0%",0,0,0,"0.0%",0,15,10.9,0.7,"0.1%",1,19
Maxx Williams,2020,3,3,"100.0%",18,6.0,1,"33.3%",0,0,0,"0%",0,9,10.8,1.2,"0.0%",1,18
Jace Sternberger,2020,3,3,"100.0%",16,5.3,1,"17.6%",0,0,0,"0%",0,12,10.6,0.9,"0.0%",1,16
Pharaoh Brown,2020,2,2,"100.0%",22,11.0,1,"13.3%",0,0,0,"0%",0,13,10.2,0.8,"0.1%",1,22
Albert Okwuegbunam,2020,2,4,"50.0%",20,10.0,1,"17.4%",0,0,0,"0%",0,4,10.0,2.5,"0.1%",1,20
Nick Vannett,2020,2,3,"66.7%",17,8.5,1,"13.0%",0,0,0,"0%",0,15,9.7,0.6,"0.0%",1,17
Ross Dwelley,2020,2,3,"66.7%",17,8.5,1,"18.8%",0,0,0,"0.0%",0,16,9.7,0.6,"0.0%",1,17
George Kittle,2020,2,4,"50.0%",7,3.5,1,"25.0%",1,9,0,"100.0%",0,8,9.6,1.2,"98.5%",1,16
Ian Thomas,2020,2,3,"66.7%",13,6.5,1,"75.0%",0,0,0,"0%",0,16,9.3,0.6,"0.0%",1,13
OJ Howard,2020,2,3,"66.7%",12,6.0,1,"13.0%",0,0,0,"0%",0,4,9.2,2.3,"0.0%",1,12
Tyler Conklin,2020,1,1,"100.0%",20,20.0,1,"5.6%",0,0,0,"0%",0,16,9.0,0.6,"17.0%",1,20
Kyle Rudolph,2020,2,5,"40.0%",9,4.5,1,"27.8%",0,0,0,"0%",0,12,8.9,0.7,"0.0%",1,9
Donald Parham,2020,1,5,"20.0%",19,19.0,1,"26.3%",0,0,0,"0%",0,13,8.9,0.7,"0.6%",1,19
Colin Thompson,2020,1,1,"100.0%",7,7.0,1,"25.0%",0,0,0,"0%",0,15,7.7,0.5,"0.0%",1,7
Jason Croom,2020,1,1,"100.0%",3,3.0,1,"5.9%",0,0,0,"0%",0,4,7.3,1.8,"0.0%",1,3
Jordan Thomas,2020,1,1,"100.0%",3,3.0,1,"11.1%",0,0,0,"0%",0,6,7.3,1.2,"0.0%",1,3
Josh Hill,2020,1,1,"100.0%",3,3.0,1,"5.0%",0,0,0,"0.0%",0,14,7.3,0.5,"0.0%",1,3
Foster Moreau,2020,1,1,"100.0%",1,1.0,1,"3.2%",0,0,0,"0%",0,16,7.1,0.4,"0.1%",1,1
MyCole Pruitt,2020,1,2,"50.0%",1,1.0,1,"7.1%",0,0,0,"0.0%",0,11,7.1,0.6,"0.0%",1,1
James O'Shaughnessy,2020,2,2,"100.0%",19,9.5,0,"14.3%",0,0,0,"0%",0,15,3.9,0.3,"0.0%",0,19
Blake Bell,2020,2,3,"66.7%",12,6.0,0,"20.0%",1,2,0,"100.0%",0,16,3.4,0.2,"0.0%",0,14
Troy Fumagalli,2020,2,4,"50.0%",12,6.0,0,"17.4%",0,0,0,"0%",0,8,3.2,0.4,"0.0%",0,12
Charlie Woerner,2020,1,1,"100.0%",18,18.0,0,"6.3%",0,0,0,"0.0%",0,14,2.8,0.2,"0.1%",0,18
Kaden Smith,2020,2,4,"50.0%",3,1.5,0,"23.5%",0,0,0,"0.0%",0,15,2.3,0.2,"0.0%",0,3
Tanner Hudson,2020,1,1,"100.0%",12,12.0,0,"4.3%",0,0,0,"0%",0,11,2.2,0.2,"0.2%",0,12
Stephen Carlson,2020,1,1,"100.0%",11,11.0,0,"5.9%",0,0,0,"0%",0,16,2.1,0.1,"0.0%",0,11
Johnny Mundt,2020,1,1,"100.0%",7,7.0,0,"11.1%",0,0,0,"0.0%",0,16,1.7,0.1,"2.8%",0,7
Colby Parkinson,2020,1,1,"100.0%",6,6.0,0,"4.2%",0,0,0,"0%",0,6,1.6,0.3,"2.5%",0,6
CJ Uzomah,2020,1,2,"50.0%",6,6.0,0,"14.3%",0,0,0,"0%",0,2,1.6,0.8,"0.1%",0,6
Demetrius Harris,2020,1,3,"33.3%",6,6.0,0,"10.7%",0,0,0,"0.0%",0,15,1.6,0.1,"0.0%",0,6
Deon Yelder,2020,1,1,"100.0%",6,6.0,0,"4.3%",0,0,0,"0%",0,14,1.6,0.1,"0.0%",0,6
Trevon Wesco,2020,1,1,"100.0%",5,5.0,0,"16.7%",1,0,0,"100.0%",0,12,1.5,0.1,"0.0%",0,5
Juwan Johnson,2020,1,1,"100.0%",5,5.0,0,"5.0%",0,0,0,"0.0%",0,7,1.5,0.2,"5.5%",0,5
Vance McDonald,2020,1,1,"100.0%",3,3.0,0,"5.0%",0,0,0,"0%",0,14,1.3,0.1,"0.0%",0,3
Marcus Baugh,2020,1,1,"100.0%",2,2.0,0,"5.9%",0,0,0,"0.0%",0,8,1.2,0.2,"0.0%",0,2
Cethan Carter,2020,1,1,"100.0%",1,1.0,0,"7.1%",0,0,0,"0%",0,15,1.1,0.1,"0.0%",0,1
Jake Butt,2020,1,1,"100.0%",0,0.0,0,"4.3%",0,0,0,"0%",0,5,1.0,0.2,"0.1%",0,0
Ben Ellefson,2020,0,0,"0%",0,0.0,0,"0.0%",0,0,0,"0%",0,7,0.0,0.0,"0.0%",0,0
Devin Asiasi,2020,0,1,"0.0%",0,0.0,0,"8.3%",0,0,0,"0%",0,8,0.0,0.0,"0.0%",0,0
Ryan Izzo,2020,0,1,"0.0%",0,0.0,0,"8.3%",0,0,0,"0%",0,12,0.0,0.0,"0.0%",0,0
Darrell Daniels,2020,0,0,"0%",0,0.0,0,"0.0%",0,0,0,"0%",0,12,0.0,0.0,"0.0%",0,0
Luke Stocker,2020,0,1,"0.0%",0,0.0,0,"7.7%",0,0,0,"0%",0,16,0.0,0.0,"0.0%",0,0
Kahale Warring,2020,0,2,"0.0%",0,0.0,0,"13.3%",0,0,0,"0%",0,7,0.0,0.0,"0.0%",0,0
JP Holtz,2020,0,1,"0.0%",0,0.0,0,"3.6%",0,0,0,"0.0%",0,16,0.0,0.0,"0.0%",0,0
Isaac Nauta,2020,0,1,"0.0%",0,0.0,0,"4.0%",0,0,0,"0%",0,7,0.0,0.0,"0.0%",0,0
Luke Willson,2020,0,1,"0.0%",0,0.0,0,"4.2%",0,0,0,"0%",0,8,0.0,0.0,"0.0%",0,0
Tyler Davis,2020,0,1,"0.0%",0,0.0,0,"7.1%",0,0,0,"0%",0,8,0.0,0.0,"0.0%",0,0
Mark Andrews,2021,14,21,"66.7%",102,7.3,9,"87.5%",0,0,0,"0%",0,17,78.2,4.6,"99.8%",9,102
Hunter Henry,2021,9,18,"50.0%",77,8.6,9,"62.1%",0,0,0,"0.0%",0,16,70.7,4.4,"20.3%",9,77
Pat Freiermuth,2021,12,18,"66.7%",81,6.8,7,"69.2%",0,0,0,"0.0%",0,16,62.1,3.9,"69.2%",7,81
Travis Kelce,2021,12,15,"80.0%",64,5.3,6,"65.2%",2,3,1,"66.7%",0,16,60.7,3.8,"99.9%",7,67
Dawson Knox,2021,11,18,"61.1%",64,5.8,6,"94.7%",0,0,0,"0%",0,15,53.4,3.6,"3.8%",6,64
Noah Fant,2021,11,15,"73.3%",91,8.3,4,"71.4%",0,0,0,"0%",0,16,44.1,2.8,"15.6%",4,91
Cameron Brate,2021,11,20,"55.0%",87,7.9,4,"57.1%",0,0,0,"0%",0,16,43.7,2.7,"2.0%",4,87
Rob Gronkowski,2021,6,12,"50.0%",54,9.0,5,"34.3%",0,0,0,"0%",0,12,41.4,3.5,"1.5%",5,54
Tyler Higbee,2021,12,18,"66.7%",86,7.2,3,"90.0%",0,0,0,"0%",0,15,38.6,2.6,"1.4%",3,86
TJ Hockenson,2021,7,10,"70.0%",60,8.6,4,"71.4%",0,0,0,"0%",0,12,37.0,3.1,"78.6%",4,60
Dalton Schultz,2021,7,12,"58.3%",60,8.6,4,"66.7%",0,0,0,"0%",0,17,37.0,2.2,"76.8%",4,60
Taysom Hill,2021,0,0,"0%",0,0.0,0,"0.0%",14,71,4,"100.0%",0,12,36.5,3.0,"16.2%",4,71
George Kittle,2021,7,8,"87.5%",53,7.6,4,"100.0%",0,0,0,"0%",0,14,36.3,2.6,"98.5%",4,53
Tyler Conklin,2021,10,16,"62.5%",65,6.5,3,"94.1%",0,0,0,"0%",0,17,34.5,2.0,"17.0%",3,65
Zach Ertz,2021,7,17,"41.2%",29,4.1,4,"85.0%",1,4,0,"100.0%",0,17,34.3,2.0,"2.5%",4,33
Jared Cook,2021,6,12,"50.0%",35,5.8,4,"60.0%",0,0,0,"0%",0,16,33.5,2.1,"0.0%",4,35
Austin Hooper,2021,9,12,"75.0%",63,7.0,3,"44.4%",0,0,0,"0%",0,15,33.3,2.2,"0.2%",3,63
Hayden Hurst,2021,6,7,"85.7%",62,10.3,3,"30.4%",0,0,0,"0%",0,12,30.2,2.5,"1.6%",3,62
David Njoku,2021,5,9,"55.6%",51,10.2,3,"33.3%",0,0,0,"0%",0,15,28.1,1.9,"92.1%",3,51
Foster Moreau,2021,4,6,"66.7%",45,11.3,3,"30.0%",0,0,0,"0%",0,15,26.5,1.8,"0.1%",3,45
Jimmy Graham,2021,4,8,"50.0%",44,11.0,3,"32.0%",0,0,0,"0.0%",0,11,26.4,2.4,"0.0%",3,44
Mo Alie-Cox,2021,5,9,"55.6%",29,5.8,3,"42.9%",0,0,0,"0%",0,17,25.9,1.5,"0.1%",3,29
Jack Doyle,2021,5,8,"62.5%",26,5.2,3,"38.1%",0,0,0,"0%",0,15,25.6,1.7,"2.0%",3,26
Logan Thomas,2021,4,5,"80.0%",34,8.5,3,"25.0%",0,0,0,"0%",0,5,25.4,5.1,"0.6%",3,34
Brevin Jordan,2021,4,4,"100.0%",31,7.8,3,"36.4%",0,0,0,"0%",0,8,25.1,3.1,"0.1%",3,31
Juwan Johnson,2021,4,5,"80.0%",28,7.0,3,"33.3%",0,0,0,"0.0%",0,13,24.8,1.9,"5.5%",3,28
Geoff Swaim,2021,5,8,"62.5%",15,3.0,3,"40.0%",0,0,0,"0%",0,16,24.5,1.5,"0.0%",3,15
Harrison Bryant,2021,4,4,"100.0%",13,3.3,3,"14.8%",0,0,0,"0%",0,15,23.3,1.6,"0.0%",3,13
MyCole Pruitt,2021,3,6,"50.0%",21,7.0,3,"30.0%",0,0,0,"0%",0,13,23.1,1.8,"0.0%",3,21
Dallas Goedert,2021,5,7,"71.4%",52,10.4,2,"77.8%",0,0,0,"0%",0,15,22.2,1.5,"86.8%",2,52
Mike Gesicki,2021,7,11,"63.6%",31,4.4,2,"45.8%",0,0,0,"0.0%",0,17,22.1,1.3,"3.4%",2,31
Darren Waller,2021,6,13,"46.2%",37,6.2,2,"65.0%",0,0,0,"0%",0,11,21.7,2.0,"3.4%",2,37
Gerald Everett,2021,4,7,"57.1%",16,4.0,3,"63.6%",0,0,0,"0%",1,15,21.6,1.4,"0.7%",3,16
Ricky Seals-Jones,2021,7,13,"53.8%",53,7.6,1,"65.0%",0,0,0,"0%",0,11,18.3,1.7,"0.0%",1,53
Evan Engram,2021,3,5,"60.0%",27,9.0,2,"35.7%",1,-3,0,"100.0%",0,15,17.4,1.2,"95.5%",2,24
Tommy Tremble,2021,3,3,"100.0%",9,3.0,1,"23.1%",2,7,1,"100.0%",0,15,16.6,1.1,"0.2%",2,16
Ryan Griffin,2021,3,6,"50.0%",14,4.7,2,"75.0%",0,0,0,"0%",0,14,16.4,1.2,"0.0%",2,14
Jesper Horsted,2021,2,3,"66.7%",21,10.5,2,"12.0%",0,0,0,"0.0%",0,4,16.1,4.0,"0.0%",2,21
Blake Jarwin,2021,2,4,"50.0%",19,9.5,2,"22.2%",0,0,0,"0%",0,8,15.9,2.0,"4.0%",2,19
Robert Tonyan,2021,5,6,"83.3%",43,8.6,1,"30.0%",0,0,0,"0%",0,8,15.3,1.9,"0.0%",1,43
Albert Okwuegbunam,2021,4,5,"80.0%",13,3.3,2,"23.8%",0,0,0,"0%",1,14,15.3,1.1,"0.1%",2,13
Donald Parham,2021,2,6,"33.3%",12,6.0,2,"30.0%",0,0,0,"0%",0,14,15.2,1.1,"0.6%",2,12
Jody Fortson,2021,2,2,"100.0%",4,2.0,2,"8.7%",0,0,0,"0.0%",0,4,14.4,3.6,"0.0%",2,4
Jonnu Smith,2021,5,10,"50.0%",25,5.0,1,"34.5%",2,7,0,"100.0%",0,16,14.2,0.9,"4.7%",1,32
Kyle Pitts,2021,5,14,"35.7%",31,6.2,1,"60.9%",0,0,0,"0%",0,17,14.1,0.8,"95.4%",1,31
Anthony Firkser,2021,4,5,"80.0%",37,9.3,1,"25.0%",0,0,0,"0%",0,15,13.7,0.9,"0.0%",1,37
Eric Ebron,2021,1,3,"33.3%",5,5.0,1,"11.5%",1,1,1,"100.0%",0,8,13.6,1.7,"0.0%",2,6
Cole Kmet,2021,6,14,"42.9%",50,8.3,0,"56.0%",1,0,0,"100.0%",0,17,11.0,0.6,"64.2%",0,50
Adam Trautman,2021,3,7,"42.9%",20,6.7,1,"46.7%",0,0,0,"0.0%",0,11,11.0,1.0,"0.1%",1,20
Kyle Rudolph,2021,3,8,"37.5%",9,3.0,1,"57.1%",0,0,0,"0.0%",0,15,9.9,0.7,"0.0%",1,9
Tyler Kroft,2021,2,2,"100.0%",18,9.0,1,"25.0%",0,0,0,"0%",0,9,9.8,1.1,"0.0%",1,18
Antony Auclair,2021,2,2,"100.0%",17,8.5,1,"18.2%",0,0,0,"0%",0,4,9.7,2.4,"0.0%",1,17
CJ Uzomah,2021,3,7,"42.9%",7,2.3,1,"100.0%",0,0,0,"0%",0,16,9.7,0.6,"0.1%",1,7
Noah Gray,2021,2,5,"40.0%",6,3.0,1,"21.7%",0,0,0,"0.0%",0,7,8.6,1.2,"0.8%",1,6
Maxx Williams,2021,1,1,"100.0%",14,14.0,1,"5.0%",0,0,0,"0.0%",0,5,8.4,1.7,"0.0%",1,14
Will Dissly,2021,2,3,"66.7%",3,1.5,1,"27.3%",0,0,0,"0%",0,13,8.3,0.6,"0.6%",1,3
John Bates,2021,1,2,"50.0%",13,13.0,1,"10.0%",0,0,0,"0%",0,13,8.3,0.6,"0.0%",1,13
Nick Vannett,2021,1,3,"33.3%",11,11.0,1,"20.0%",0,0,0,"0.0%",0,7,8.1,1.2,"0.0%",1,11
Sean McKeon,2021,1,1,"100.0%",10,10.0,1,"5.6%",0,0,0,"0%",0,5,8.0,1.6,"0.0%",1,10
Jesse James,2021,1,2,"50.0%",8,8.0,1,"7.4%",0,0,0,"0%",0,5,7.8,1.6,"0.0%",1,8
Chris Herndon IV,2021,1,1,"100.0%",2,2.0,1,"5.9%",0,0,0,"0%",0,6,7.2,1.2,"0.0%",1,2
OJ Howard,2021,1,2,"50.0%",2,2.0,1,"5.7%",0,0,0,"0%",0,11,7.2,0.7,"0.0%",1,2
Stephen Anderson,2021,1,2,"50.0%",2,2.0,1,"10.0%",0,0,0,"0%",0,14,7.2,0.5,"0.0%",1,2
Chris Myarick,2021,1,1,"100.0%",1,1.0,1,"7.1%",0,0,0,"0.0%",0,5,7.1,1.4,"0.0%",1,1
Lee Smith,2021,1,2,"50.0%",1,1.0,1,"8.7%",0,0,0,"0%",0,10,7.1,0.7,"0.0%",1,1
Tommy Sweeney,2021,1,1,"100.0%",1,1.0,1,"5.3%",0,0,0,"0%",0,7,7.1,1.0,"0.0%",1,1
Jacob Hollister,2021,1,2,"50.0%",1,1.0,1,"66.7%",0,0,0,"0%",0,7,7.1,1.0,"0.0%",1,1
Eric Saubert,2021,1,1,"100.0%",1,1.0,1,"4.8%",0,0,0,"0%",0,10,7.1,0.7,"0.0%",1,1
Marcedes Lewis,2021,4,6,"66.7%",28,7.0,0,"30.0%",0,0,0,"0%",0,13,6.8,0.5,"0.1%",0,28
Durham Smythe,2021,4,7,"57.1%",16,4.0,0,"29.2%",1,2,0,"100.0%",0,16,5.8,0.4,"0.2%",0,18
Adam Shaheen,2021,3,6,"50.0%",19,6.3,0,"25.0%",0,0,0,"0.0%",0,9,4.9,0.5,"0.0%",0,19
Dan Arnold,2021,2,4,"50.0%",26,13.0,0,"30.8%",0,0,0,"0.0%",0,11,4.6,0.4,"0.0%",0,26
Kylen Granson,2021,3,4,"75.0%",14,4.7,0,"19.0%",0,0,0,"0%",0,10,4.4,0.4,"0.1%",0,14
Josiah Deguara,2021,3,7,"42.9%",13,4.3,0,"35.0%",0,0,0,"0%",0,14,4.3,0.3,"0.0%",0,13
Zach Gentry,2021,2,5,"40.0%",17,8.5,0,"19.2%",0,0,0,"0.0%",0,10,3.7,0.4,"0.0%",0,17
Jack Stoll,2021,2,2,"100.0%",13,6.5,0,"22.2%",0,0,0,"0%",0,6,3.3,0.6,"0.0%",0,13
Blake Bell,2021,1,1,"100.0%",7,7.0,0,"4.3%",1,3,0,"33.3%",0,12,2.0,0.2,"0.0%",0,10
Jeremy Sprinkle,2021,1,1,"100.0%",10,10.0,0,"5.6%",0,0,0,"0%",0,6,2.0,0.3,"0.0%",0,10
Ian Thomas,2021,2,4,"50.0%",0,0.0,0,"30.8%",0,0,0,"0.0%",0,14,2.0,0.1,"0.0%",0,0
Josh Oliver,2021,1,2,"50.0%",9,9.0,0,"8.3%",0,0,0,"0%",0,11,1.9,0.2,"0.2%",0,9
Luke Farrell,2021,1,1,"100.0%",7,7.0,0,"33.3%",0,0,0,"0%",0,9,1.7,0.2,"0.1%",0,7
Jordan Akins,2021,1,5,"20.0%",3,3.0,0,"45.5%",0,0,0,"0%",0,12,1.3,0.1,"0.1%",0,3
Tommy Hudson,2021,1,1,"100.0%",3,3.0,0,"5.0%",0,0,0,"0%",0,4,1.3,0.3,"0.0%",0,3
Kendall Blanton,2021,1,2,"50.0%",2,2.0,0,"10.0%",0,0,0,"0%",0,4,1.2,0.3,"0.0%",0,2
Nick Boyle,2021,1,1,"100.0%",2,2.0,0,"4.2%",0,0,0,"0%",0,2,1.2,0.6,"0.0%",0,2
Tyler Davis,2021,1,1,"100.0%",0,0.0,0,"5.0%",0,0,0,"0%",0,8,1.0,0.1,"0.0%",0,0
Brock Wright,2021,0,2,"0.0%",0,0.0,0,"14.3%",0,0,0,"0%",0,8,0.0,0.0,"0.2%",0,0
Demetrius Harris,2021,0,1,"0.0%",0,0.0,0,"5.0%",0,0,0,"0.0%",0,10,0.0,0.0,"0.0%",0,0
Giovanni Ricci,2021,0,1,"0.0%",0,0.0,0,"7.7%",0,0,0,"0.0%",0,9,0.0,0.0,"0.0%",0,0
Stephen Sullivan,2021,0,1,"0.0%",0,0.0,0,"7.7%",0,0,0,"0.0%",0,1,0.0,0.0,"0.0%",0,0
Colby Parkinson,2021,0,1,"0.0%",0,0.0,0,"9.1%",0,0,0,"0%",0,6,0.0,0.0,"2.5%",0,0
Daniel Helm,2021,0,1,"0.0%",0,0.0,0,"5.0%",0,0,0,"0%",0,3,0.0,0.0,"0.0%",0,0
Codey McElroy,2021,0,1,"0.0%",0,0.0,0,"2.9%",0,0,0,"0%",0,2,0.0,0.0,"0.0%",0,0
Darrell Daniels,2021,0,1,"0.0%",0,0.0,0,"5.0%",0,0,0,"0.0%",0,10,0.0,0.0,"0.0%",0,0
James O'Shaughnessy,2021,0,0,"0%",0,0.0,0,"0.0%",0,0,0,"0%",0,7,0.0,0.0,"0.0%",0,0
Shane Zylstra,2021,0,2,"0.0%",0,0.0,0,"14.3%",0,0,0,"0%",0,3,0.0,0.0,"0.0%",0,0
Travis Kelce,2022,17,29,"58.6%",102,6.0,10,"74.4%",2,5,0,"66.7%",0,17,87.7,5.2,"99.9%",10,107
Taysom Hill,2022,2,3,"66.7%",8,4.0,1,"17.6%",18,69,6,"100.0%",0,16,51.7,3.2,"16.2%",7,77
TJ Hockenson,2022,12,20,"60.0%",74,6.2,5,"66.7%",0,0,0,"0%",0,17,49.4,2.9,"78.6%",5,74
Mark Andrews,2022,11,18,"61.1%",68,6.2,5,"48.6%",0,0,0,"0%",0,15,47.8,3.2,"99.8%",5,68
Mike Gesicki,2022,9,12,"75.0%",77,8.6,5,"80.0%",0,0,0,"0.0%",0,17,46.7,2.7,"3.4%",5,77
Juwan Johnson,2022,7,11,"63.6%",73,10.4,5,"64.7%",0,0,0,"0.0%",0,16,44.3,2.8,"5.5%",5,73
Dalton Schultz,2022,8,16,"50.0%",59,7.4,5,"76.2%",0,0,0,"0.0%",0,15,43.9,2.9,"76.8%",5,59
Cole Kmet,2022,7,9,"77.8%",49,7.0,5,"64.3%",0,0,0,"0%",0,17,41.9,2.5,"64.2%",5,49
David Njoku,2022,11,19,"57.9%",77,7.0,3,"65.5%",0,0,0,"0%",0,14,36.7,2.6,"92.1%",3,77
Zach Ertz,2022,8,15,"53.3%",42,5.3,4,"93.8%",0,0,0,"0%",0,10,36.2,3.6,"2.5%",4,42
Dawson Knox,2022,6,10,"60.0%",48,8.0,4,"83.3%",0,0,0,"0%",0,15,34.8,2.3,"3.8%",4,48
Gerald Everett,2022,9,16,"56.3%",64,7.1,3,"69.6%",0,0,0,"0%",0,15,33.4,2.2,"0.7%",3,64
Noah Fant,2022,6,9,"66.7%",25,4.2,4,"40.9%",0,0,0,"0%",0,17,32.5,1.9,"15.6%",4,25
Tyler Higbee,2022,8,15,"53.3%",61,7.6,3,"93.8%",0,0,0,"0%",0,16,32.1,2.0,"1.4%",3,61
Shane Zylstra,2022,4,4,"100.0%",12,3.0,4,"40.0%",0,0,0,"0%",0,9,29.2,3.2,"0.0%",4,12
George Kittle,2022,6,13,"46.2%",48,8.0,3,"100.0%",0,0,0,"0%",0,15,28.8,1.9,"98.5%",3,48
Daniel Bellinger,2022,5,6,"83.3%",47,9.4,2,"75.0%",1,2,1,"100.0%",0,11,27.9,2.5,"0.5%",3,49
Brock Wright,2022,5,5,"100.0%",34,6.8,3,"50.0%",0,0,0,"0%",0,14,26.4,1.9,"0.2%",3,34
MyCole Pruitt,2022,5,6,"83.3%",24,4.8,3,"42.9%",0,0,0,"0%",0,10,25.4,2.5,"0.0%",3,24
Jelani Woods,2022,4,4,"100.0%",29,7.3,3,"36.4%",0,0,0,"0%",0,12,24.9,2.1,"1.0%",3,29
Pat Freiermuth,2022,6,12,"50.0%",61,10.2,2,"80.0%",0,0,0,"0%",0,15,24.1,1.6,"69.2%",2,61
Tyler Conklin,2022,3,5,"60.0%",20,6.7,3,"71.4%",1,1,0,"100.0%",0,17,23.1,1.4,"17.0%",3,21
Dallas Goedert,2022,6,8,"75.0%",48,8.0,2,"72.7%",0,0,0,"0%",0,12,22.8,1.9,"86.8%",2,48
Peyton Hendershot,2022,2,2,"100.0%",22,11.0,2,"9.5%",1,2,1,"100.0%",0,12,22.4,1.9,"0.1%",3,24
Austin Hooper,2022,5,7,"71.4%",53,10.6,2,"38.9%",0,0,0,"0%",0,17,22.3,1.3,"0.2%",2,53
Will Dissly,2022,5,6,"83.3%",47,9.4,2,"27.3%",0,0,0,"0%",0,15,21.7,1.4,"0.6%",2,47
Jordan Akins,2022,5,9,"55.6%",36,7.2,2,"47.4%",0,0,0,"0%",0,15,20.6,1.4,"0.1%",2,36
Hayden Hurst,2022,5,8,"62.5%",35,7.0,2,"72.7%",0,0,0,"0%",0,14,20.5,1.5,"1.6%",2,35
Isaiah Likely,2022,5,9,"55.6%",24,4.8,2,"24.3%",0,0,0,"0%",0,14,19.4,1.4,"13.3%",2,24
Evan Engram,2022,4,9,"44.4%",30,7.5,2,"75.0%",1,0,0,"100.0%",0,17,19.0,1.1,"95.5%",2,30
Tommy Tremble,2022,4,7,"57.1%",26,6.5,2,"77.8%",0,0,0,"0%",0,15,18.6,1.2,"0.2%",2,26
Cade Otton,2022,5,15,"33.3%",14,2.8,2,"71.4%",0,0,0,"0%",0,16,18.4,1.2,"17.6%",2,14
Josh Oliver,2022,4,10,"40.0%",24,6.0,2,"27.0%",0,0,0,"0%",0,12,18.4,1.5,"0.2%",2,24
Irv Smith,2022,4,6,"66.7%",20,5.0,2,"20.0%",0,0,0,"0%",0,8,18.0,2.3,"0.1%",2,20
Noah Gray,2022,3,4,"75.0%",28,9.3,1,"10.3%",1,1,1,"33.3%",0,17,17.9,1.1,"0.8%",2,29
Chigoziem Okonkwo,2022,3,6,"50.0%",28,9.3,2,"33.3%",0,0,0,"0%",0,16,17.8,1.1,"15.2%",2,28
Jake Ferguson,2022,3,3,"100.0%",15,5.0,2,"14.3%",0,0,0,"0.0%",0,11,16.5,1.5,"91.4%",2,15
Mo Alie-Cox,2022,2,4,"50.0%",21,10.5,2,"36.4%",0,0,0,"0%",0,14,16.1,1.2,"0.1%",2,21
Kyle Pitts,2022,3,5,"60.0%",9,3.0,2,"35.7%",0,0,0,"0%",0,10,15.9,1.6,"95.4%",2,9
Robert Tonyan,2022,6,9,"66.7%",37,6.2,1,"75.0%",0,0,0,"0%",0,17,15.7,0.9,"0.0%",1,37
Jody Fortson,2022,2,5,"40.0%",11,5.5,2,"12.8%",0,0,0,"0.0%",0,10,15.1,1.5,"0.0%",2,11
Durham Smythe,2022,2,3,"66.7%",9,4.5,1,"20.0%",2,1,1,"100.0%",0,13,15.0,1.2,"0.2%",2,10
Teagan Quitoriano,2022,2,5,"40.0%",10,5.0,2,"26.3%",0,0,0,"0%",0,7,15.0,2.1,"0.0%",2,10
Foster Moreau,2022,2,6,"33.3%",9,4.5,2,"42.9%",0,0,0,"0%",0,14,14.9,1.1,"0.1%",2,9
Logan Thomas,2022,5,8,"62.5%",35,7.0,1,"66.7%",0,0,0,"0%",0,13,14.5,1.1,"0.6%",1,35
Marcedes Lewis,2022,2,2,"100.0%",3,1.5,2,"16.7%",0,0,0,"0%",0,6,14.3,2.4,"0.1%",2,3
Darren Waller,2022,4,8,"50.0%",28,7.0,1,"57.1%",0,0,0,"0%",0,9,12.8,1.4,"3.4%",1,28
Harrison Bryant,2022,3,8,"37.5%",14,4.7,1,"27.6%",0,0,0,"0%",0,14,10.4,0.7,"0.0%",1,14
Colby Parkinson,2022,2,6,"33.3%",19,9.5,1,"27.3%",0,0,0,"0%",0,14,9.9,0.7,"2.5%",1,19
Johnny Mundt,2022,2,3,"66.7%",18,9.0,1,"10.0%",0,0,0,"0%",0,13,9.8,0.8,"2.8%",1,18
Geoff Swaim,2022,3,5,"60.0%",7,2.3,1,"27.8%",0,0,0,"0%",0,12,9.7,0.8,"0.0%",1,7
Mitchell Wilcox,2022,2,2,"100.0%",15,7.5,1,"18.2%",0,0,0,"0%",0,9,9.5,1.1,"0.0%",1,15
Connor Heyward,2022,1,1,"100.0%",17,17.0,1,"6.7%",0,0,0,"0%",0,15,8.7,0.6,"0.2%",1,17
Blake Bell,2022,1,1,"100.0%",17,17.0,1,"2.6%",0,0,0,"0.0%",0,2,8.7,4.4,"0.0%",1,17
John Bates,2022,1,3,"33.3%",16,16.0,1,"25.0%",0,0,0,"0%",0,10,8.6,0.9,"0.0%",1,16
OJ Howard,2022,1,3,"33.3%",16,16.0,1,"15.8%",0,0,0,"0%",0,11,8.6,0.8,"0.0%",1,16
Chris Myarick,2022,2,2,"100.0%",5,2.5,1,"25.0%",0,0,0,"0.0%",0,10,8.5,0.9,"0.0%",1,5
Greg Dulcich,2022,1,2,"50.0%",11,11.0,1,"20.0%",0,0,0,"0%",0,10,8.1,0.8,"1.5%",1,11
Tyler Mabry,2022,1,1,"100.0%",7,7.0,1,"4.5%",0,0,0,"0%",0,1,7.7,7.7,"0.0%",1,7
Ko Kieft,2022,1,1,"100.0%",5,5.0,1,"4.8%",0,0,0,"0%",0,14,7.5,0.5,"0.0%",1,5
Trey McBride,2022,1,1,"100.0%",4,4.0,1,"6.3%",0,0,0,"0%",0,12,7.4,0.6,"98.1%",1,4
Quintin Morris,2022,2,2,"100.0%",14,7.0,1,"16.7%",0,0,0,"0%",1,9,7.4,0.8,"0.0%",1,14
Donald Parham,2022,1,2,"50.0%",3,3.0,1,"8.7%",0,0,0,"0%",0,6,7.3,1.2,"0.6%",1,3
James Mitchell,2022,1,1,"100.0%",3,3.0,1,"10.0%",0,0,0,"0%",0,8,7.3,0.9,"0.1%",1,3
Eric Tomlinson,2022,1,3,"33.3%",3,3.0,1,"30.0%",0,0,0,"0%",0,9,7.3,0.8,"0.0%",1,3
CJ Uzomah,2022,1,1,"100.0%",1,1.0,1,"14.3%",0,0,0,"0.0%",0,14,7.1,0.5,"0.1%",1,1
Jonnu Smith,2022,3,4,"75.0%",14,4.7,0,"36.4%",1,5,0,"100.0%",0,12,4.9,0.4,"4.7%",0,19
Albert Okwuegbunam,2022,2,2,"100.0%",19,9.5,0,"20.0%",0,0,0,"0%",0,6,3.9,0.7,"0.1%",0,19
Adam Trautman,2022,2,3,"66.7%",19,9.5,0,"17.6%",0,0,0,"0.0%",0,13,3.9,0.3,"0.1%",0,19
Ian Thomas,2022,2,2,"100.0%",9,4.5,0,"22.2%",0,0,0,"0%",0,14,2.9,0.2,"0.0%",0,9
Kylen Granson,2022,2,3,"66.7%",3,1.5,0,"27.3%",0,0,0,"0%",0,13,2.3,0.2,"0.1%",0,3
Hunter Henry,2022,1,7,"14.3%",13,13.0,0,"63.6%",0,0,0,"0.0%",0,16,2.3,0.1,"20.3%",0,13
Brycen Hopkins,2022,1,1,"100.0%",11,11.0,0,"6.3%",0,0,0,"0%",0,7,2.1,0.3,"0.0%",0,11
Josiah Deguara,2022,1,1,"100.0%",9,9.0,0,"8.3%",0,0,0,"0%",0,9,1.9,0.2,"0.0%",0,9
Cameron Brate,2022,1,4,"25.0%",8,8.0,0,"19.0%",0,0,0,"0%",0,9,1.8,0.2,"2.0%",0,8
Dan Arnold,2022,1,2,"50.0%",8,8.0,0,"16.7%",0,0,0,"0.0%",0,11,1.8,0.2,"0.0%",0,8
Eric Saubert,2022,1,3,"33.3%",7,7.0,0,"30.0%",0,0,0,"0%",0,14,1.7,0.1,"0.0%",0,7
Parker Hesse,2022,1,2,"50.0%",5,5.0,0,"14.3%",0,0,0,"0%",0,12,1.5,0.1,"0.0%",0,5
Pharaoh Brown,2022,1,2,"50.0%",5,5.0,0,"6.9%",0,0,0,"0%",0,9,1.5,0.2,"0.1%",0,5
Tre' McKitty,2022,1,3,"33.3%",3,3.0,0,"13.0%",0,0,0,"0%",0,13,1.3,0.1,"0.0%",0,3
Trevon Wesco,2022,1,2,"50.0%",3,3.0,0,"14.3%",0,0,0,"0%",0,6,1.3,0.2,"0.0%",0,3
Chris Manhertz,2022,1,1,"100.0%",3,3.0,0,"8.3%",0,0,0,"0.0%",0,8,1.3,0.2,"0.0%",0,3
Ben Ellefson,2022,1,1,"100.0%",2,2.0,0,"3.3%",0,0,0,"0%",0,2,1.2,0.6,"0.0%",0,2
Zach Gentry,2022,1,2,"50.0%",2,2.0,0,"13.3%",0,0,0,"0%",0,14,1.2,0.1,"0.0%",0,2
Ryan Griffin,2022,1,2,"50.0%",2,2.0,0,"14.3%",0,0,0,"0%",0,10,1.2,0.1,"0.0%",0,2
Drew Sample,2022,1,1,"100.0%",2,2.0,0,"9.1%",0,0,0,"0%",0,2,1.2,0.6,"0.1%",0,2
Grant Calcaterra,2022,1,2,"50.0%",-2,-2.0,0,"18.2%",0,0,0,"0%",0,6,0.8,0.1,"0.1%",0,-2
Anthony Firkser,2022,0,1,"0.0%",0,0.0,0,"7.1%",0,0,0,"0%",0,8,0.0,0.0,"0.0%",0,0
Kyle Rudolph,2022,0,1,"0.0%",0,0.0,0,"4.8%",0,0,0,"0%",0,5,0.0,0.0,"0.0%",0,0
Richard Rodgers,2022,0,2,"0.0%",0,0.0,0,"8.7%",0,0,0,"0%",0,3,0.0,0.0,"0.0%",0,0
Cole Turner,2022,0,1,"0.0%",0,0.0,0,"8.3%",0,0,0,"0%",0,7,0.0,0.0,"0.0%",0,0
Brevin Jordan,2022,0,2,"0.0%",0,0.0,0,"10.5%",0,0,0,"0%",0,9,0.0,0.0,"0.1%",0,0
Ross Dwelley,2022,0,0,"0%",0,0.0,0,"0.0%",0,0,0,"0%",0,5,0.0,0.0,"0.0%",0,0
Jack Stoll,2022,0,1,"0.0%",0,0.0,0,"9.1%",0,0,0,"0%",0,10,0.0,0.0,"0.0%",0,0
James Winchester,2022,0,0,"0%",0,0.0,0,"0.0%",0,0,0,"0.0%",0,3,0.0,0.0,"0.0%",0,0
Stephen Sullivan,2022,0,0,"0%",0,0.0,0,"0.0%",0,0,0,"0%",0,8,0.0,0.0,"0.0%",0,0
Sam LaPorta,2023,10,15,"66.7%",91,9.1,7,"93.8%",0,0,0,"0%",0,17,61.1,3.6,"99.9%",7,91
Mark Andrews,2023,10,14,"71.4%",77,7.7,6,"60.9%",1,0,0,"100.0%",0,10,53.7,5.4,"99.8%",6,77
Jake Ferguson,2023,12,24,"50.0%",92,7.7,5,"75.0%",0,0,0,"0.0%",0,17,51.2,3.0,"91.4%",5,92
Travis Kelce,2023,13,20,"65.0%",74,5.7,5,"83.3%",0,0,0,"0.0%",1,15,48.4,3.2,"99.9%",5,74
Cole Kmet,2023,10,13,"76.9%",61,6.1,5,"76.5%",1,1,0,"100.0%",0,17,46.2,2.7,"64.2%",5,62
Taysom Hill,2023,2,5,"40.0%",10,5.0,1,"22.7%",27,102,4,"100.0%",1,16,45.6,2.9,"16.2%",5,112
Dalton Schultz,2023,7,14,"50.0%",80,11.4,5,"70.0%",0,0,0,"0.0%",0,15,45.0,3.0,"76.8%",5,80
Hunter Henry,2023,5,6,"83.3%",53,10.6,5,"54.5%",0,0,0,"0%",0,14,40.3,2.9,"20.3%",5,53
TJ Hockenson,2023,9,14,"64.3%",58,6.4,4,"60.9%",0,0,0,"0%",0,15,38.8,2.6,"78.6%",4,58
Cade Otton,2023,8,11,"72.7%",58,7.3,4,"78.6%",0,0,0,"0%",0,17,37.8,2.2,"17.6%",4,58
George Kittle,2023,9,13,"69.2%",70,7.8,3,"86.7%",0,0,0,"0%",0,16,34.0,2.1,"98.5%",3,70
Donald Parham,2023,6,10,"60.0%",35,5.8,4,"43.5%",0,0,0,"0%",0,14,33.5,2.4,"0.6%",4,35
Jimmy Graham,2023,5,5,"100.0%",31,6.2,4,"22.7%",0,0,0,"0.0%",0,13,32.1,2.5,"0.0%",4,31
Logan Thomas,2023,4,9,"44.4%",28,7.0,4,"56.3%",0,0,0,"0%",0,16,30.8,1.9,"0.6%",4,28
David Njoku,2023,8,20,"40.0%",41,5.1,3,"80.0%",0,0,0,"0%",0,16,30.1,1.9,"92.1%",3,41
Gerald Everett,2023,8,11,"72.7%",35,4.4,3,"47.8%",0,0,0,"0%",0,15,29.5,2.0,"0.7%",3,35
Dallas Goedert,2023,6,10,"60.0%",46,7.7,3,"76.9%",1,1,0,"100.0%",0,14,28.7,2.1,"86.8%",3,47
Juwan Johnson,2023,7,8,"87.5%",36,5.1,3,"36.4%",0,0,0,"0.0%",0,13,28.6,2.2,"5.5%",3,36
Adam Trautman,2023,6,13,"46.2%",44,7.3,3,"81.3%",0,0,0,"0%",0,17,28.4,1.7,"0.1%",3,44
Harrison Bryant,2023,4,5,"80.0%",18,4.5,3,"20.0%",0,0,0,"0%",0,17,23.8,1.4,"0.0%",3,18
Isaiah Likely,2023,6,7,"85.7%",48,8.0,2,"30.4%",0,0,0,"0.0%",0,17,22.8,1.3,"13.3%",2,48
Tommy Tremble,2023,4,4,"100.0%",6,1.5,3,"40.0%",0,0,0,"0%",0,16,22.6,1.4,"0.2%",3,6
Trey McBride,2023,6,9,"66.7%",42,7.0,2,"42.9%",0,0,0,"0%",0,17,22.2,1.3,"98.1%",2,42
Michael Mayer,2023,5,7,"71.4%",46,9.2,2,"87.5%",0,0,0,"0%",0,14,21.6,1.5,"2.0%",2,46
Tucker Kraft,2023,5,8,"62.5%",27,5.4,2,"50.0%",0,0,0,"0%",0,17,19.7,1.2,"3.9%",2,27
Josh Oliver,2023,4,5,"80.0%",19,4.8,2,"21.7%",0,0,0,"0%",0,17,17.9,1.1,"0.2%",2,19
Evan Engram,2023,6,9,"66.7%",19,3.2,2,"64.3%",0,0,0,"0%",1,17,17.9,1.1,"95.5%",2,19
Tyler Higbee,2023,3,5,"60.0%",24,8.0,2,"62.5%",0,0,0,"0%",0,15,17.4,1.2,"1.4%",2,24
Pat Freiermuth,2023,3,6,"50.0%",24,8.0,2,"54.5%",0,0,0,"0%",0,12,17.4,1.5,"69.2%",2,24
Mo Alie-Cox,2023,3,4,"75.0%",23,7.7,2,"30.8%",0,0,0,"0%",0,17,17.3,1.0,"0.1%",2,23
Mike Gesicki,2023,3,5,"60.0%",20,6.7,2,"45.5%",0,0,0,"0%",0,17,17.0,1.0,"3.4%",2,20
Luke Schoonmaker,2023,3,5,"60.0%",19,6.3,2,"15.6%",0,0,0,"0.0%",0,17,16.9,1.0,"0.2%",2,19
Brevin Jordan,2023,2,2,"100.0%",16,8.0,2,"10.0%",0,0,0,"0.0%",0,13,15.6,1.2,"0.1%",2,16
Andrew Beck,2023,3,4,"75.0%",5,1.7,1,"20.0%",3,1,1,"100.0%",0,15,15.6,1.0,"0.1%",2,6
Jonnu Smith,2023,5,8,"62.5%",31,6.2,1,"47.1%",1,0,0,"100.0%",0,17,14.1,0.8,"4.7%",1,31
Luke Musgrave,2023,3,6,"50.0%",31,10.3,1,"37.5%",0,0,0,"0%",0,11,12.1,1.1,"33.8%",1,31
Darren Waller,2023,3,4,"75.0%",31,10.3,1,"57.1%",0,0,0,"0%",0,12,12.1,1.0,"3.4%",1,31
Brenton Strange,2023,3,4,"75.0%",28,9.3,1,"28.6%",0,0,0,"0%",0,14,11.8,0.8,"0.1%",1,28
Kylen Granson,2023,4,6,"66.7%",18,4.5,1,"46.2%",0,0,0,"0%",0,15,11.8,0.8,"0.1%",1,18
Irv Smith,2023,5,6,"83.3%",27,5.4,1,"42.9%",0,0,0,"0%",1,12,11.7,1.0,"0.1%",1,27
Tanner Hudson,2023,3,3,"100.0%",25,8.3,1,"21.4%",0,0,0,"0%",0,12,11.5,1.0,"0.2%",1,25
Hayden Hurst,2023,3,5,"60.0%",25,8.3,1,"50.0%",0,0,0,"0%",0,10,11.5,1.2,"1.6%",1,25
Charlie Kolar,2023,2,2,"100.0%",34,17.0,1,"8.7%",0,0,0,"0.0%",0,14,11.4,0.8,"0.0%",1,34
Drew Sample,2023,3,3,"100.0%",23,7.7,1,"21.4%",0,0,0,"0%",0,17,11.3,0.7,"0.1%",1,23
Colby Parkinson,2023,4,8,"50.0%",12,3.0,1,"72.7%",0,0,0,"0%",0,17,11.2,0.7,"2.5%",1,12
Chigoziem Okonkwo,2023,3,6,"50.0%",19,6.3,1,"50.0%",0,0,0,"0%",0,17,10.9,0.6,"15.2%",1,19
Zach Ertz,2023,3,8,"37.5%",17,5.7,1,"38.1%",0,0,0,"0%",0,7,10.7,1.5,"2.5%",1,17
Dawson Knox,2023,3,7,"42.9%",15,5.0,1,"38.9%",0,0,0,"0%",0,12,10.5,0.9,"3.8%",1,15
Kyle Pitts,2023,3,5,"60.0%",14,4.7,1,"29.4%",0,0,0,"0.0%",0,17,10.4,0.6,"95.4%",1,14
Foster Moreau,2023,3,4,"75.0%",13,4.3,1,"18.2%",0,0,0,"0.0%",0,15,10.3,0.7,"0.1%",1,13
Marcedes Lewis,2023,2,2,"100.0%",17,8.5,1,"11.8%",0,0,0,"0.0%",0,17,9.7,0.6,"0.1%",1,17
Johnny Mundt,2023,2,4,"50.0%",14,7.0,1,"17.4%",0,0,0,"0%",0,17,9.4,0.6,"2.8%",1,14
Davis Allen,2023,2,2,"100.0%",13,6.5,1,"25.0%",0,0,0,"0%",0,15,9.3,0.6,"0.1%",1,13
Elijah Higgins,2023,2,2,"100.0%",12,6.0,1,"9.5%",0,0,0,"0%",0,11,9.2,0.8,"0.1%",1,12
Josh Whyle,2023,2,5,"40.0%",12,6.0,1,"41.7%",0,0,0,"0%",0,11,9.2,0.8,"0.1%",1,12
MyCole Pruitt,2023,1,4,"25.0%",20,20.0,1,"23.5%",0,0,0,"0.0%",0,17,9.0,0.5,"0.0%",1,20
Ben Sims,2023,2,2,"100.0%",7,3.5,1,"12.5%",0,0,0,"0%",0,16,8.7,0.5,"0.1%",1,7
CJ Uzomah,2023,2,4,"50.0%",6,3.0,1,"33.3%",0,0,0,"0%",0,12,8.6,0.7,"0.1%",1,6
Quintin Morris,2023,1,2,"50.0%",15,15.0,1,"11.1%",0,0,0,"0%",0,15,8.5,0.6,"0.0%",1,15
Dalton Kincaid,2023,5,9,"55.6%",27,5.4,0,"50.0%",0,0,0,"0%",0,16,7.7,0.5,"96.6%",0,27
Drew Ogletree,2023,1,2,"50.0%",5,5.0,1,"15.4%",0,0,0,"0%",0,12,7.5,0.6,"0.1%",1,5
Blake Bell,2023,1,1,"100.0%",4,4.0,1,"4.2%",0,0,0,"0.0%",0,17,7.4,0.4,"0.0%",1,4
Lucas Krull,2023,1,2,"50.0%",3,3.0,1,"12.5%",0,0,0,"0%",0,7,7.3,1.0,"0.1%",1,3
Noah Gray,2023,1,3,"33.3%",2,2.0,1,"12.5%",1,1,0,"100.0%",0,17,7.3,0.4,"0.8%",1,3
Ko Kieft,2023,1,2,"50.0%",2,2.0,1,"14.3%",0,0,0,"0%",0,16,7.2,0.5,"0.0%",1,2
Tyler Conklin,2023,3,7,"42.9%",11,3.7,0,"58.3%",0,0,0,"0%",0,17,4.1,0.2,"17.0%",0,11
Robert Tonyan,2023,2,2,"100.0%",21,10.5,0,"11.8%",0,0,0,"0.0%",0,17,4.1,0.2,"0.0%",0,21
Geoff Swaim,2023,2,2,"100.0%",18,9.0,0,"9.5%",0,0,0,"0%",0,14,3.8,0.3,"0.0%",0,18
Cole Turner,2023,2,4,"50.0%",17,8.5,0,"25.0%",0,0,0,"0%",0,12,3.7,0.3,"0.0%",0,17
Durham Smythe,2023,2,5,"40.0%",14,7.0,0,"83.3%",0,0,0,"0%",0,16,3.4,0.2,"0.2%",0,14
Connor Heyward,2023,2,3,"66.7%",11,5.5,0,"27.3%",0,0,0,"0%",0,17,3.1,0.2,"0.2%",0,11
Jack Stoll,2023,1,2,"50.0%",14,14.0,0,"15.4%",0,0,0,"0.0%",0,17,2.4,0.1,"0.0%",0,14
Darnell Washington,2023,1,2,"50.0%",12,12.0,0,"18.2%",0,0,0,"0%",0,17,2.2,0.1,"0.2%",0,12
Payne Durham,2023,1,1,"100.0%",12,12.0,0,"7.1%",0,0,0,"0%",0,13,2.2,0.2,"0.0%",0,12
Ross Dwelley,2023,1,1,"100.0%",12,12.0,0,"6.7%",0,0,0,"0%",0,12,2.2,0.2,"0.0%",0,12
Noah Fant,2023,1,2,"50.0%",12,12.0,0,"18.2%",0,0,0,"0%",0,17,2.2,0.1,"15.6%",0,12
Mitchell Wilcox,2023,1,2,"50.0%",10,10.0,0,"14.3%",0,0,0,"0%",0,17,2.0,0.1,"0.0%",0,10
Grant Calcaterra,2023,1,1,"100.0%",9,9.0,0,"7.7%",0,0,0,"0.0%",0,14,1.9,0.1,"0.1%",0,9
Daniel Bellinger,2023,1,1,"100.0%",7,7.0,0,"14.3%",0,0,0,"0%",0,17,1.7,0.1,"0.5%",0,7
Kevin Rader,2023,1,1,"100.0%",6,6.0,0,"8.3%",0,0,0,"0%",0,14,1.6,0.1,"0.0%",0,6
Brycen Hopkins,2023,1,1,"100.0%",5,5.0,0,"12.5%",0,0,0,"0%",0,15,1.5,0.1,"0.0%",0,5
Austin Hooper,2023,1,1,"100.0%",4,4.0,0,"12.5%",0,0,0,"0%",0,17,1.4,0.1,"0.2%",0,4
Charlie Woerner,2023,1,1,"100.0%",3,3.0,0,"6.7%",0,0,0,"0%",0,17,1.3,0.1,"0.1%",0,3
Jeremy Ruckert,2023,1,1,"100.0%",3,3.0,0,"8.3%",0,0,0,"0%",0,15,1.3,0.1,"0.1%",0,3
Brock Wright,2023,1,1,"100.0%",2,2.0,0,"6.3%",0,0,0,"0%",0,14,1.2,0.1,"0.2%",0,2
John Bates,2023,1,3,"33.3%",0,0.0,0,"18.8%",0,0,0,"0%",0,17,1.0,0.1,"0.0%",0,0
Sean McKeon,2023,0,1,"0.0%",0,0.0,0,"3.1%",0,0,0,"0.0%",0,9,0.0,0.0,"0.0%",0,0
Luke Farrell,2023,0,1,"0.0%",0,0.0,0,"7.1%",0,0,0,"0%",0,17,0.0,0.0,"0.1%",0,0
Chris Manhertz,2023,0,1,"0.0%",0,0.0,0,"6.3%",0,0,0,"0%",0,16,0.0,0.0,"0.0%",0,0
James Mitchell,2023,0,0,"0%",0,0.0,0,"0.0%",0,0,0,"0%",0,14,0.0,0.0,"0.1%",0,0
Will Dissly,2023,0,1,"0.0%",0,0.0,0,"9.1%",0,0,0,"0%",0,16,0.0,0.0,"0.6%",0,0
Stone Smartt,2023,0,2,"0.0%",0,0.0,0,"8.7%",0,0,0,"0%",0,16,0.0,0.0,"0.0%",0,0
Will Mallory,2023,0,1,"0.0%",0,0.0,0,"7.7%",0,0,0,"0%",0,12,0.0,0.0,"0.0%",0,0
Peyton Hendershot,2023,0,2,"0.0%",0,0.0,0,"6.3%",1,0,0,"100.0%",0,8,0.0,0.0,"0.1%",0,0
Ian Thomas,2023,0,1,"0.0%",0,0.0,0,"10.0%",0,0,0,"0%",0,12,0.0,0.0,"0.0%",0,0
Julian Hill,2023,0,1,"0.0%",0,0.0,0,"16.7%",0,0,0,"0%",0,15,0.0,0.0,"0.0%",0,0
