Rk,Player,Tm,Age,Pos,G,GS,Tgt,Rec,Yds,TD,1D,YBC,YBC/R,YAC,YAC/R,ADOT,BrkTkl,Rec/Br,Drop,Drop%,Int,Rat
1,Michael Thomas*+,NOR,25,WR,16,16,147,125,1405,9,74,891,7.1,514,4.1,7.7,6,20.8,3,2,1,124.1
2,Zach Ertz*,PHI,28,TE,16,16,156,116,1163,8,66,810,7,353,3,7.2,3,38.7,5,3.2,5,98.9
3,DeAndre Hopkins*+,HOU,26,WR,16,16,163,115,1572,11,81,1185,10.3,387,3.4,11.5,5,23,2,1.2,3,115.9
4,Julio Jones*,ATL,29,WR,16,16,170,113,1677,8,80,1229,10.9,448,4,14,3,37.7,9,5.3,3,106.9
5,Adam Thielen*,MIN,28,WR,16,16,153,113,1373,9,74,957,8.5,416,3.7,9.4,3,37.7,3,2,2,115.2
6,Davante Adams*,GNB,26,WR,15,15,169,111,1386,13,64,911,8.2,475,4.3,11.3,4,27.8,5,3,0,116.6
7,JuJu Smith-Schuster*,PIT,22,WR,16,13,166,111,1426,7,67,778,7,648,5.8,8.8,7,15.9,6,3.6,4,97.6
8,Christian McCaffrey,CAR,22,RB,16,16,124,107,867,6,41,12,0.1,855,8,0.7,7,15.3,1,0.8,0,111.9
9,Antonio Brown*,PIT,30,WR,15,15,168,104,1297,15,63,812,7.8,485,4.7,11.3,5,20.8,3,1.8,11,88.3
10,Travis Kelce*+,KAN,29,TE,16,16,150,103,1336,10,68,767,7.4,569,5.5,9.2,7,14.7,7,4.7,3,110.3
11,Stefon Diggs,MIN,25,WR,15,14,149,102,1021,9,49,573,5.6,448,4.4,8.6,4,25.5,3,2,2,102.2
12,Keenan Allen*,LAC,26,WR,16,14,136,97,1196,6,62,793,8.2,403,4.2,8.6,3,32.3,4,2.9,2,106.7
13,Saquon Barkley*,NYG,21,RB,16,16,121,91,721,4,30,-47,-0.5,768,8.4,0.1,13,7,4,3.3,1,97.2
14,George Kittle*,SFO,25,TE,16,16,136,88,1377,5,60,507,5.8,870,9.9,7.1,9,9.8,5,3.7,3,101.3
15,Tyreek Hill*+,KAN,24,WR,16,16,137,87,1479,12,60,952,10.9,527,6.1,14.8,4,21.8,6,4.4,6,110.9
16,James White,NWE,26,RB,16,3,123,87,751,7,38,86,1,665,7.6,2.4,3,29,5,4.1,1,102
17,Mike Evans*,TAM,25,WR,16,16,138,86,1524,8,68,1242,14.4,282,3.3,15.6,0,,7,5.1,8,95.2
18,Robert Woods,LAR,26,WR,16,16,130,86,1219,6,66,799,9.3,420,4.9,11.4,2,43,2,1.5,3,102.1
19,Alvin Kamara*,NOR,23,RB,15,13,105,81,709,4,31,67,0.8,642,7.9,1.8,7,11.6,3,2.9,1,103.2
20,Jarvis Landry*,CLE,26,WR,16,14,149,81,976,4,44,702,8.7,274,3.4,11,3,27,11,7.4,2,78
21,Brandin Cooks,LAR,25,WR,16,16,117,80,1204,5,56,858,10.7,346,4.3,12.8,4,20,0,0,2,109.1
22,Odell Beckham Jr.,NYG,26,WR,12,12,124,77,1052,6,50,747,9.7,305,4,11.5,6,12.8,4,3.2,4,91.9
23,Ezekiel Elliott*,DAL,23,RB,15,15,95,77,567,3,22,-9,-0.1,576,7.5,0.3,3,25.7,2,2.1,0,102.1
24,Tyler Boyd,CIN,24,WR,14,14,108,76,1028,7,54,610,8,418,5.5,9.3,1,76,5,4.6,0,122
25,T.Y. Hilton,IND,29,WR,14,14,120,76,1270,6,55,815,10.7,455,6,11.2,4,19,4,3.3,3,105.2
26,Adam Humphries,TAM,25,WR,16,10,105,76,816,5,48,393,5.2,423,5.6,6.2,7,10.9,5,4.8,1,106.7
27,Amari Cooper*,2TM,24,WR,15,15,107,75,1005,7,53,590,7.9,415,5.5,9.7,2,37.5,6,5.6,3,109.8
28,Julian Edelman,NWE,32,WR,12,12,108,74,850,6,41,502,6.8,348,4.7,7.7,4,18.5,8,7.4,2,102.8
29,Golden Tate,2TM,30,WR,15,7,113,74,795,4,32,368,5,427,5.8,6.5,15,4.9,7,6.2,2,90.4
30,Tarik Cohen*+,CHI,23,RB,16,7,91,71,725,5,29,205,2.9,520,7.3,3.6,9,7.9,1,1.1,2,109
31,Austin Hooper*,ATL,24,TE,16,7,88,71,660,4,30,423,6,237,3.3,6.9,4,17.8,4,4.5,1,108.3
32,Emmanuel Sanders,DEN,31,WR,12,12,98,71,868,4,37,571,8,297,4.2,9.5,6,11.8,3,3.1,2,104.5
33,Kenny Golladay,DET,25,WR,15,13,119,70,1063,5,55,713,10.2,350,5,12.4,6,11.7,4,3.4,2,95.3
34,Larry Fitzgerald,ARI,35,WR,16,16,112,69,734,6,39,529,7.7,205,3,9.2,3,23,2,1.8,3,87.4
35,Jared Cook*,OAK,31,TE,16,14,101,68,896,6,46,553,8.1,343,5,8.3,4,17,9,8.9,4,98.5
36,Jalen Richard,OAK,25,RB,16,1,81,68,607,0,23,112,1.6,495,7.3,1.7,3,22.7,3,3.7,0,97.9
37,Taylor Gabriel,CHI,27,WR,16,11,93,67,688,2,31,462,6.9,226,3.4,11.1,2,33.5,0,0,2,91.2
38,Eric Ebron*,IND,25,TE,16,8,110,66,750,13,39,500,7.6,250,3.8,9.5,0,,9,8.2,2,112.3
39,Mohamed Sanu,ATL,29,WR,16,16,94,66,838,4,40,437,6.6,401,6.1,8,4,16.5,3,3.2,0,111.9
40,Sterling Shepard,NYG,25,WR,16,16,107,66,872,4,47,563,8.5,309,4.7,10.1,1,66,5,4.7,2,92.1
41,Dede Westbrook,JAX,25,WR,16,9,101,66,717,5,40,355,5.4,362,5.5,8,5,13.2,6,5.9,3,90.2
42,Cole Beasley,DAL,29,WR,16,4,87,65,672,3,39,459,7.1,213,3.3,7.4,2,32.5,1,1.1,0,108
43,Corey Davis,TEN,23,WR,16,16,112,65,891,4,47,624,9.6,267,4.1,10.3,5,13,6,5.4,1,91.8
44,Alshon Jeffery,PHI,28,WR,13,13,92,65,843,6,48,571,8.8,272,4.2,11,3,21.7,3,3.3,1,116.3
45,Nelson Agholor,PHI,25,WR,16,16,97,64,736,4,28,386,6,350,5.5,9.5,3,21.3,3,3.1,1,98.1
46,Calvin Ridley,ATL,24,WR,16,5,92,64,821,10,39,457,7.1,364,5.7,10.2,0,,10,10.9,2,124.4
47,Kyle Rudolph,MIN,29,TE,16,16,82,64,634,4,32,389,6.1,245,3.8,6.4,1,64,1,1.2,1,110.1
48,Nyheim Hines,IND,22,RB,16,4,81,63,425,2,29,76,1.2,349,5.5,2.1,3,21,4,4.9,2,86.5
49,Jordy Nelson,OAK,33,WR,15,14,88,63,739,3,36,498,7.9,241,3.8,9.2,2,31.5,3,3.4,2,98.6
50,Willie Snead,BAL,26,WR,16,10,95,62,651,1,37,369,6,282,4.5,8.1,9,6.9,5,5.3,3,75.4
51,Theo Riddick,DET,27,RB,14,3,74,61,384,0,16,-22,-0.4,406,6.7,0.7,3,20.3,6,8.1,1,82.7
52,Danny Amendola,MIA,33,WR,15,15,79,59,575,1,27,346,5.9,229,3.9,7.5,1,59,2,2.5,3,83
53,Chris Godwin,TAM,22,WR,16,5,95,59,842,7,48,597,10.1,245,4.2,11.7,2,29.5,3,3.2,2,106.6
54,Todd Gurley*+,LAR,24,RB,14,14,81,59,580,4,26,-7,-0.1,587,9.9,0.6,8,7.4,7,8.6,1,103.9
55,Dion Lewis,TEN,28,RB,16,7,67,59,400,1,13,-77,-1.3,477,8.1,-1.1,8,7.4,2,3,1,90.3
56,Demaryius Thomas,2TM,31,WR,15,15,89,59,677,5,36,400,6.8,277,4.7,10.2,2,29.5,6,6.7,2,98.4
57,Tyler Lockett,SEA,26,WR,16,14,70,57,965,10,37,752,13.2,213,3.7,13.6,0,,0,0,0,158.3
58,Zay Jones,BUF,23,WR,16,15,102,56,652,7,33,510,9.1,142,2.5,12,1,56,3,2.9,5,76.9
59,David Njoku,CLE,22,TE,16,14,88,56,639,4,27,333,5.9,306,5.5,8.7,6,9.3,6,6.8,3,86.3
60,James Conner*,PIT,23,RB,13,12,71,55,497,1,20,-51,-0.9,548,10,-0.3,5,11,4,5.6,0,100.5
61,Jimmy Graham,GNB,32,TE,16,12,89,55,636,2,32,375,6.8,261,4.7,9.5,2,27.5,3,3.4,2,81.5
62,D.J. Moore,CAR,21,WR,16,10,82,55,788,2,33,367,6.7,421,7.7,9,9,6.1,3,3.7,3,90.9
63,Allen Robinson,CHI,25,WR,13,12,94,55,754,4,36,538,9.8,216,3.9,12,5,11,3,3.2,3,85.2
64,T.J. Yeldon,JAX,25,RB,14,5,78,55,487,4,20,37,0.7,450,8.2,0.7,5,11,8,10.3,3,87.9
65,Trey Burton,CHI,27,TE,16,16,76,54,569,6,29,379,7,190,3.5,8.2,1,54,3,3.9,2,107.8
66,Michael Crabtree,BAL,31,WR,16,16,100,54,607,3,35,478,8.9,129,2.4,10.9,1,54,9,9,2,74
67,Jordan Reed,WAS,28,TE,13,8,84,54,558,2,26,327,6.1,231,4.3,6.8,4,13.5,3,3.6,2,81.3
68,Kenyan Drake,MIA,24,RB,16,7,73,53,477,5,23,54,1,423,8,2.2,2,26.5,6,8.2,0,112.6
69,Chester Rogers,IND,24,WR,16,10,72,53,485,2,28,227,4.3,258,4.9,6.3,1,53,5,6.9,1,95
70,Doug Baldwin,SEA,30,WR,13,13,73,50,618,5,32,462,9.2,156,3.1,11.4,4,12.5,3,4.1,1,111.6
71,Robbie Chosen,NYJ,25,WR,14,9,94,50,752,6,30,567,11.3,185,3.7,15.7,1,50,2,2.1,4,83.3
72,Melvin Gordon*,LAC,25,RB,12,12,66,50,490,4,21,-47,-0.9,537,10.7,-0.3,10,5,6,9.1,1,110
73,David Johnson,ARI,27,RB,16,16,76,50,446,3,22,61,1.2,385,7.7,0.8,5,10,8,10.5,2,83.6
74,Vance McDonald,PIT,28,TE,15,14,72,50,610,4,33,223,4.5,387,7.7,5.3,10,5,4,5.6,1,108
75,Donte Moncrief,JAX,25,WR,16,14,89,48,668,3,28,416,8.7,252,5.3,12.9,3,16,4,4.5,1,84.9
76,Rob Gronkowski,NWE,29,TE,13,11,72,47,682,3,34,500,10.6,182,3.9,12.4,1,47,3,4.2,2,98.3
77,Duke Johnson,CLE,25,RB,16,2,62,47,429,3,25,55,1.2,374,8,2.5,4,11.8,3,4.8,1,103.5
78,A.J. Green,CIN,30,WR,9,9,77,46,694,6,37,531,11.5,163,3.5,12.4,1,46,5,6.5,2,104.6
79,Evan Engram,NYG,24,TE,11,8,64,45,577,3,22,189,4.2,388,8.6,5.3,1,45,3,4.7,0,113.9
80,Seth Roberts,OAK,27,WR,15,7,64,45,494,2,24,283,6.3,211,4.7,8.9,2,22.5,4,6.3,0,103.3
81,Josh Doctson,WAS,26,WR,15,12,78,44,532,2,31,400,9.1,132,3,14.5,2,22,3,3.8,5,59.3
82,Devin Funchess,CAR,24,WR,14,12,79,44,549,4,35,473,10.8,76,1.7,12.8,2,22,7,8.9,5,68
83,Antonio Callaway,CLE,21,WR,16,11,79,43,586,5,27,350,8.1,236,5.5,13.8,3,14.3,6,7.6,5,73.1
84,Christian Kirk,ARI,22,WR,12,7,68,43,590,3,21,365,8.5,225,5.2,9.6,1,43,4,5.9,4,81.1
85,Joe Mixon,CIN,22,RB,14,13,55,43,296,1,14,-37,-0.9,333,7.7,0.1,2,21.5,2,3.6,1,87.6
86,C.J. Uzomah,CIN,25,TE,16,15,64,43,439,3,21,237,5.5,202,4.7,6.7,4,10.8,2,3.1,0,102.3
87,Mike Williams,LAC,24,WR,16,5,66,43,664,10,36,546,12.7,118,2.7,14.8,5,8.6,2,3,1,131.6
88,Jarius Wright,CAR,29,WR,16,6,59,43,447,1,24,249,5.8,198,4.6,6.2,5,8.6,3,5.1,1,93
89,Kendrick Bourne,SFO,23,WR,16,8,66,42,487,4,30,340,8.1,147,3.5,8.2,4,10.5,5,7.6,2,93.4
90,John Brown,BAL,28,WR,16,15,97,42,715,5,28,559,13.3,156,3.7,16.3,1,42,6,6.2,2,77.5
91,Courtland Sutton,DEN,23,WR,16,9,84,42,704,4,30,541,12.9,163,3.9,14,5,8.4,7,8.3,3,79.7
92,Josh Gordon,2TM,27,WR,12,12,71,41,737,4,30,473,11.5,264,6.4,14.3,6,6.8,4,5.6,1,106.4
93,DeSean Jackson,TAM,32,WR,12,10,74,41,774,4,31,593,14.5,181,4.4,19.2,1,41,2,2.7,7,70.4
94,Chris Thompson,WAS,28,RB,10,0,55,41,268,1,12,49,1.2,219,5.3,1.5,4,10.3,5,9.1,0,90.6
95,Tyrell Williams,LAC,26,WR,16,10,65,41,653,5,30,458,11.2,195,4.8,12.3,0,,2,3.1,5,90.1
96,Dalvin Cook,MIN,23,RB,11,10,49,40,305,2,15,-68,-1.7,373,9.3,-1.8,6,6.7,4,8.2,0,106.2
97,Cooper Kupp,LAR,25,WR,8,8,55,40,566,6,25,263,6.6,303,7.6,8.4,2,20,1,1.8,1,134.4
98,Sammy Watkins,KAN,25,WR,10,9,55,40,519,3,24,281,7,238,6,8.4,2,20,1,1.8,0,120.2
99,Austin Ekeler,LAC,23,RB,14,3,53,39,404,3,18,-7,-0.2,411,10.5,0.8,7,5.6,2,3.8,0,114
100,Chris Herndon,NYJ,22,TE,16,12,56,39,502,4,25,325,8.3,177,4.5,10.6,0,,1,1.8,2,106.4
101,Rashard Higgins,CLE,24,WR,13,1,53,39,572,4,27,426,10.9,146,3.7,11.1,1,39,3,5.7,2,117.8
102,Curtis Samuel,CAR,22,WR,13,8,65,39,494,5,24,383,9.8,111,2.8,11.9,4,9.8,2,3.1,3,90.2
103,Devontae Booker,DEN,26,RB,16,0,51,38,275,0,9,33,0.9,242,6.4,1.5,6,6.3,2,3.9,0,86.6
104,Randall Cobb,GNB,28,WR,9,6,61,38,383,2,18,150,3.9,233,6.1,8.3,3,12.7,4,6.6,0,91.1
105,Keelan Cole,JAX,25,WR,16,11,70,38,491,1,25,355,9.3,136,3.6,9.9,1,38,7,10,2,69.4
106,Quincy Enunwa,NYJ,26,WR,11,10,68,38,449,1,22,177,4.7,272,7.2,7.4,5,7.6,4,5.9,2,68.8
107,Jacquizz Rodgers,TAM,28,RB,16,0,45,38,304,0,13,64,1.7,240,6.3,1.8,5,7.6,0,0,1,85.6
108,Marquez Valdes-Scantling,GNB,24,WR,16,10,73,38,581,2,23,372,9.8,209,5.5,12.2,0,,5,6.8,0,87.8
109,Jermaine Kearse,NYJ,28,WR,14,9,76,37,371,1,20,246,6.6,125,3.4,9.4,1,37,3,3.9,3,50.9
110,Kenny Stills,MIA,26,WR,15,15,64,37,553,6,27,422,11.4,131,3.5,16.3,1,37,3,4.7,3,98
111,Taywan Taylor,TEN,23,WR,13,5,56,37,466,1,19,305,8.2,161,4.4,13.1,4,9.3,3,5.4,1,90.3
112,Ryan Switzer,PIT,24,WR,16,1,44,36,253,1,15,116,3.2,137,3.8,3.4,0,,2,4.5,0,98.2
113,Ian Thomas,CAR,22,TE,16,6,49,36,333,2,20,175,4.9,158,4.4,6.2,2,18,3,6.1,2,88.2
114,Javorius Allen,BAL,27,RB,14,0,43,35,196,2,11,19,0.5,177,5.1,1.4,4,8.8,1,2.3,1,91.5
115,Giovani Bernard,CIN,27,RB,12,4,48,35,218,0,8,-4,-0.1,222,6.3,0,2,17.5,2,4.2,0,81.8
116,Ryan Grant,IND,28,WR,14,10,52,35,334,1,18,241,6.9,93,2.7,9.1,3,11.7,4,7.7,1,83.3
117,Chris Hogan,NWE,31,WR,16,7,55,35,532,3,22,339,9.7,193,5.5,11.9,1,35,1,1.8,1,106
118,Marvin Jones,DET,28,WR,9,9,62,35,508,5,27,407,11.6,101,2.9,14.6,2,17.5,3,4.8,2,96.7
119,Phillip Lindsay*,DEN,24,RB,15,8,47,35,241,1,12,-57,-1.6,298,8.5,-0.9,1,35,4,8.5,0,92.6
120,Laquon Treadwell,MIN,23,WR,15,7,53,35,302,1,16,182,5.2,120,3.4,6,2,17.5,5,9.4,2,71.4
121,Ben Watson,NOR,38,TE,16,4,46,35,400,2,21,313,8.9,87,2.5,10.2,1,35,3,6.5,1,107.2
122,Mark Andrews,BAL,23,TE,16,3,50,34,552,3,28,359,10.6,193,5.7,10.8,1,34,3,6,0,124.7
123,Mike Davis,SEA,25,RB,15,2,42,34,214,1,10,-21,-0.6,235,6.9,0.1,5,6.8,4,9.5,0,95.8
124,O.J. Howard,TAM,24,TE,10,8,48,34,565,5,28,356,10.5,209,6.1,11.8,1,34,1,2.1,4,110.2
125,LeSean McCoy,BUF,30,RB,14,13,46,34,238,0,10,-50,-1.5,288,8.5,-1.1,4,8.5,2,4.3,1,76.2
126,Ricky Seals-Jones,ARI,23,TE,15,5,69,34,343,1,14,246,7.2,97,2.9,9.9,1,34,5,7.2,3,50.6
127,Gerald Everett,LAR,24,TE,16,0,50,33,320,3,16,176,5.3,144,4.4,6.1,2,16.5,0,0,1,95.4
128,Michael Gallup,DAL,22,WR,16,8,68,33,507,2,21,334,10.1,173,5.2,14.1,0,,5,7.4,2,71.1
129,Dallas Goedert,PHI,23,TE,16,8,44,33,334,4,15,173,5.2,161,4.9,7.7,2,16.5,1,2.3,2,107.6
130,Anthony Miller,CHI,24,WR,15,4,54,33,423,7,19,253,7.7,170,5.2,11.2,1,33,4,7.4,1,117.5
131,Tevin Coleman,ATL,25,RB,16,14,44,32,276,5,15,1,0,275,8.6,0.5,2,16,3,6.8,0,126.7
132,Chris Conley,KAN,26,WR,16,13,52,32,334,5,18,194,6.1,140,4.4,8.4,2,16,4,7.7,1,104.2
133,Phillip Dorsett,NWE,25,WR,16,2,42,32,290,3,14,190,5.9,100,3.1,10.5,2,16,1,2.4,3,88.4
134,Will Fuller,HOU,24,WR,7,7,45,32,503,4,22,337,10.5,166,5.2,13.8,2,16,0,0,0,137.5
135,Kerryon Johnson,DET,21,RB,10,7,39,32,213,1,11,-54,-1.7,267,8.3,-0.6,4,8,0,0,0,98
136,Bruce Ellington,2TM,27,WR,7,3,42,31,224,1,14,116,3.7,108,3.5,4.9,1,31,4,9.5,0,93.7
137,Jeff Heuerman,DEN,26,TE,11,10,48,31,281,2,14,131,4.2,150,4.8,5,3,10.3,3,6.3,2,76.8
138,Cameron Brate,TAM,27,TE,16,2,49,30,289,6,18,238,7.9,51,1.7,8.3,1,30,3,6.1,2,100.3
139,DaeSean Hamilton,DEN,23,WR,14,5,45,30,243,2,16,181,6,62,2.1,8.9,1,30,1,2.2,1,85.7
140,Jesse James,PIT,24,TE,16,7,39,30,423,2,17,238,7.9,185,6.2,7.7,0,,3,7.7,1,117.8
141,Kyle Juszczyk*,SFO,27,FB,16,14,41,30,324,1,15,149,5,175,5.8,4.3,0,,2,4.9,0,104.1
142,Jamison Crowder,WAS,25,WR,9,7,49,29,388,2,15,177,6.1,211,7.3,9.3,0,,4,8.2,1,89.5
143,Josh Reynolds,LAR,23,WR,16,8,53,29,402,5,23,273,9.4,129,4.4,12.4,1,29,2,3.8,4,79.3
144,Nick Vannett,SEA,25,TE,15,9,43,29,269,3,17,131,4.5,138,4.8,6.2,0,,1,2.3,0,107.6
145,Keke Coutee,HOU,21,WR,6,2,41,28,287,1,13,77,2.8,210,7.5,5.1,1,28,3,7.3,2,76
146,Antonio Gates,LAC,38,TE,16,1,45,28,333,2,19,207,7.4,126,4.5,7.9,2,14,0,0,1,90.3
147,Maurice Harris,WAS,26,WR,12,7,47,28,304,0,12,204,7.3,100,3.6,9.9,0,,1,2.1,3,52.1
148,Dontrelle Inman,IND,29,WR,9,4,39,28,304,3,16,246,8.8,58,2.1,10.3,1,28,1,2.6,0,120
149,Wendell Smallwood,PHI,24,RB,16,6,35,28,230,2,9,4,0.1,226,8.1,0.3,1,28,2,5.7,0,113.1
150,Tre'Quan Smith,NOR,22,WR,15,7,44,28,427,5,23,311,11.1,116,4.1,11.8,2,14,3,6.8,0,133.4
151,Matt Breida,SFO,23,RB,14,13,31,27,261,2,12,26,1,235,8.7,2.2,3,9,0,0,0,123.3
152,Robert Foster,BUF,24,WR,13,3,44,27,541,3,20,374,13.9,167,6.2,20.7,0,,3,6.8,0,127.2
153,Blake Jarwin,DAL,24,TE,16,4,36,27,307,3,16,197,7.3,110,4.1,8.3,2,13.5,2,5.6,2,104.7
154,Greg Olsen,CAR,33,TE,9,9,38,27,291,4,18,207,7.7,84,3.1,8.9,1,27,1,2.6,0,128.3
155,Zach Pascal,IND,24,WR,16,4,46,27,268,2,15,187,6.9,81,3,9.5,1,27,4,8.7,2,71.6
156,Dante Pettis,SFO,23,WR,12,7,45,27,467,5,19,262,9.7,205,7.6,11.1,4,6.8,2,4.4,2,113.8
157,Ito Smith,ATL,23,RB,14,0,32,27,152,0,9,-8,-0.3,160,5.9,-0.3,5,5.4,1,3.1,0,86.5
158,Jamaal Williams,GNB,23,RB,16,8,41,27,210,0,11,-13,-0.5,223,8.3,0.8,2,13.5,0,0,0,78.3
159,Jack Doyle,IND,28,TE,6,6,33,26,245,2,14,137,5.3,108,4.2,5.4,0,,0,0,1,105.2
160,Kareem Hunt,KAN,23,RB,11,11,35,26,378,7,16,40,1.5,338,13,1.9,8,3.3,3,8.6,0,148.6
161,Aaron Jones,GNB,24,RB,12,8,35,26,206,1,12,-15,-0.6,221,8.5,0.3,2,13,4,11.4,0,98
162,David Moore,SEA,23,WR,16,7,53,26,445,5,19,352,13.5,93,3.6,15.9,0,,3,5.7,2,93.7
163,Jaylen Samuels,PIT,22,RB,14,3,29,26,199,3,10,-16,-0.6,215,8.3,0.1,6,4.3,0,0,0,129.7
164,Tajae Sharpe,TEN,24,WR,16,13,47,26,316,2,22,242,9.3,74,2.8,10.9,0,,1,2.1,3,63.8
165,Geoff Swaim,DAL,25,TE,9,9,32,26,242,1,11,78,3,164,6.3,4.3,1,26,0,0,0,108.6
166,Trent Taylor,SFO,24,WR,14,0,41,26,215,1,11,114,4.4,101,3.9,5.8,1,26,2,4.9,2,64.6
167,Albert Wilson,MIA,26,WR,7,3,35,26,391,4,11,56,2.2,335,12.9,7,3,8.7,1,2.9,2,124.8
168,Kelvin Benjamin,2TM,27,WR,15,10,67,25,380,1,16,316,12.6,64,2.6,15.6,0,,2,3,7,22.2
169,Vernon Davis,WAS,34,TE,14,8,36,25,367,2,15,192,7.7,175,7,11.4,1,25,3,8.3,1,109.4
170,Rhett Ellison,NYG,30,TE,14,12,34,25,272,1,13,142,5.7,130,5.2,6.3,1,25,2,5.9,0,106.5
171,Lamar Miller*,HOU,27,RB,14,14,35,25,163,1,8,-8,-0.3,171,6.8,0.7,1,25,2,5.7,2,66.7
172,Ty Montgomery,2TM,25,WR,13,0,40,25,235,0,7,22,0.9,213,8.5,1.7,1,25,2,5,1,68.2
173,Pierre Garcon,SFO,32,WR,8,8,46,24,286,1,14,188,7.8,98,4.1,8.8,2,12,3,6.5,1,69.7
174,Ryan Griffin,HOU,28,TE,14,11,43,24,305,0,15,155,6.5,150,6.3,7.5,1,24,4,9.3,1,68.5
175,Tyler Higbee,LAR,25,TE,16,16,34,24,292,2,16,155,6.5,137,5.7,6.7,3,8,1,2.9,0,116.3
176,Matt LaCosse,DEN,26,TE,15,5,37,24,250,1,11,102,4.3,148,6.2,5.5,0,,1,2.7,1,82
177,James O'Shaughnessy,JAX,26,TE,14,9,38,24,214,0,10,92,3.8,122,5.1,6,2,12,1,2.6,2,56.2
178,DeVante Parker,MIA,25,WR,11,7,47,24,309,1,14,215,9,94,3.9,12.9,2,12,2,4.3,1,70.3
179,Nick Boyle,BAL,25,TE,16,13,37,23,213,0,10,73,3.2,140,6.1,3.2,0,,2,5.4,1,66.6
180,Marquise Goodwin,SFO,28,WR,11,8,43,23,395,4,19,269,11.7,126,5.5,13.4,1,23,3,7,4,77.2
181,Tim Patrick,DEN,25,WR,16,4,41,23,315,1,15,203,8.8,112,4.9,10.2,2,11.5,4,9.8,1,78.8
182,Damien Williams,KAN,26,RB,16,3,24,23,160,2,9,-48,-2.1,208,9,-1.8,1,23,0,0,0,122.2
183,DeAndre Carter,2TM,25,WR,14,4,25,22,216,0,10,66,3,150,6.8,3.4,1,22,0,0,0,102.7
184,Corey Clement,PHI,24,RB,11,0,25,22,192,0,10,-72,-3.3,264,12,-1.2,4,5.5,0,0,0,98.7
185,Jason Croom,BUF,24,TE,15,3,35,22,259,1,10,122,5.5,137,6.2,7.6,2,11,1,2.9,2,71
186,Leonard Fournette,JAX,23,RB,8,8,26,22,185,1,10,-28,-1.3,213,9.7,-0.5,0,,2,7.7,0,109.1
187,Mike Gesicki,MIA,23,TE,16,7,32,22,202,0,9,106,4.8,96,4.4,8.6,1,22,0,0,1,72.7
188,Latavius Murray,MIN,28,RB,16,6,26,22,141,0,7,26,1.2,115,5.2,1.1,3,7.3,2,7.7,1,73.2
189,Demarcus Robinson,KAN,24,WR,16,5,33,22,288,4,12,172,7.8,116,5.3,11.7,0,,0,0,1,121
190,Charles Clay,BUF,29,TE,13,12,36,21,184,0,11,113,5.4,71,3.4,8.1,0,,1,2.8,1,60.4
191,Isaiah Crowell,NYJ,25,RB,13,6,28,21,152,0,7,-21,-1,173,8.2,-0.3,2,10.5,2,7.1,0,87.2
192,Jakeem Grant,MIA,26,WR,10,2,34,21,268,2,13,128,6.1,140,6.7,8.1,1,21,1,2.9,1,93.7
193,Mark Ingram,NOR,29,RB,12,6,27,21,170,1,5,15,0.7,155,7.4,0.3,1,21,0,0,1,89.8
194,Cordarrelle Patterson,NWE,27,WR,15,5,28,21,247,3,11,85,4,162,7.7,6.2,0,,1,3.6,0,137.1
195,John Ross,CIN,23,WR,13,10,58,21,210,7,13,151,7.2,59,2.8,13.8,1,21,7,12.1,5,51
196,Equanimeous St. Brown,GNB,22,WR,12,7,36,21,328,0,13,208,9.9,120,5.7,14,0,,2,5.6,0,88.7
197,Levine Toilolo,DET,27,TE,16,10,24,21,263,1,15,153,7.3,110,5.2,7.5,2,10.5,0,0,0,126.2
198,Geronimo Allison,GNB,24,WR,5,4,30,20,303,2,11,197,9.9,106,5.3,12.9,1,20,3,10,0,121.9
199,Peyton Barber,TAM,24,RB,16,16,29,20,92,1,4,28,1.4,64,3.2,1.4,1,20,2,6.9,0,84.3
200,Alfred Blue,HOU,27,RB,16,2,27,20,154,0,4,47,2.4,107,5.4,2.7,2,10,1,3.7,0,87.6
201,Chris Carson,SEA,24,RB,14,14,24,20,163,0,7,0,0,163,8.2,0,2,10,1,4.2,0,95
202,Nick Chubb,CLE,23,RB,16,9,29,20,149,2,5,-32,-1.6,181,9.1,1.6,0,,3,10.3,0,104
203,Chase Edmonds,ARI,22,RB,16,0,23,20,103,0,5,-18,-0.9,121,6.1,-0.5,3,6.7,1,4.3,0,85.3
204,Alex Erickson,CIN,26,WR,16,6,29,20,167,0,7,92,4.6,75,3.8,8.3,0,,1,3.4,0,83.5
205,Jordan Howard,CHI,24,RB,16,15,26,20,145,0,7,18,0.9,127,6.4,0.8,1,20,0,0,0,89.4
206,Allen Hurns,DAL,27,WR,16,7,35,20,295,2,11,217,10.9,78,3.9,11.4,0,,2,5.7,0,103.9
207,Jordan Matthews,PHI,26,WR,14,3,28,20,300,2,14,217,10.9,83,4.2,10.2,2,10,1,3.6,0,130.1
208,Adrian Peterson,WAS,33,RB,16,16,26,20,208,1,9,7,0.4,201,10.1,0.3,7,2.9,3,11.5,0,112.3
209,Paul Richardson,WAS,26,WR,7,4,35,20,262,2,12,216,10.8,46,2.3,12.3,1,20,0,0,0,99.9
210,Jonnu Smith,TEN,23,TE,13,12,30,20,258,3,10,78,3.9,180,9,5.2,4,5,3,10,2,99
211,Jordan Thomas,HOU,22,TE,16,10,27,20,215,4,12,120,6,95,4.8,5.6,2,10,1,3.7,0,136.6
212,Spencer Ware,KAN,27,RB,13,2,23,20,224,0,9,-21,-1.1,245,12.3,0.2,4,5,2,8.7,0,107.2
213,Martavis Bryant,OAK,27,WR,8,2,27,19,266,0,10,135,7.1,131,6.9,11.9,4,4.8,2,7.4,2,70.9
214,Anthony Firkser,TEN,23,FB,12,0,20,19,225,1,11,128,6.7,97,5.1,6.7,0,,0,0,0,130.2
215,Virgil Green,LAC,30,TE,16,16,27,19,210,1,10,108,5.7,102,5.4,5.4,2,9.5,3,11.1,0,105.5
216,T.J. Jones,DET,26,WR,15,3,26,19,190,2,10,154,8.1,36,1.9,10.3,1,19,0,0,2,87
217,Lance Kendricks,GNB,30,TE,16,3,25,19,170,1,9,58,3.1,112,5.9,5.6,0,,3,12,0,107.1
218,Elijah McGuire,NYJ,24,RB,8,3,31,19,193,1,10,34,1.8,159,8.4,4.9,5,3.8,4,12.9,0,89.9
219,Chris Moore,BAL,25,WR,16,0,25,19,196,1,8,131,6.9,65,3.4,11.3,0,,0,0,0,111.4
220,Trent Sherfield,ARI,22,WR,13,2,28,19,210,1,11,172,9.1,38,2,11.3,0,,1,3.6,2,72
221,Doug Martin,OAK,29,RB,16,9,24,18,116,0,6,22,1.2,94,5.2,0.9,1,18,2,8.3,0,84.7
222,Isaiah McKenzie,2TM,23,WR,8,1,30,18,179,0,10,103,5.7,76,4.2,8.2,3,6,1,3.3,1,63.1
223,Jordan Akins,HOU,26,TE,16,6,25,17,225,0,11,102,6,123,7.2,6.9,3,5.7,0,0,0,96.2
224,Trenton Cannon,NYJ,24,RB,16,0,25,17,144,0,4,26,1.5,118,6.9,6.3,1,17,3,12,1,66.1
225,Ted Ginn Jr.,NOR,33,WR,5,3,30,17,209,2,10,161,9.5,48,2.8,16.6,1,17,2,6.7,1,86.7
226,Marlon Mack,IND,22,RB,12,10,26,17,103,1,3,-23,-1.4,126,7.4,-1.1,0,,3,11.5,1,69.9
227,Aldrick Robinson,MIN,30,WR,14,0,35,17,231,5,12,189,11.1,42,2.5,17.2,0,,2,5.7,1,97.7
228,Torrey Smith,CAR,29,WR,11,6,31,17,190,2,12,142,8.4,48,2.8,13.5,2,8.5,1,3.2,0,94.8
229,Deonte Thompson,2TM,29,WR,13,6,30,17,161,0,10,123,7.2,38,2.2,12.6,1,17,2,6.7,2,43.9
230,Chad Williams,ARI,24,WR,10,7,46,17,171,1,9,155,9.1,16,0.9,12.7,0,,3,6.5,2,37.5
231,Kapri Bibbs,2TM,25,RB,12,0,23,16,115,1,4,7,0.4,108,6.8,1.7,0,,3,13,2,59.1
232,Bennie Fowler,NYG,27,WR,10,5,27,16,199,1,11,123,7.7,76,4.8,9.7,3,5.3,2,7.4,2,63.7
233,Josh Hill,NOR,28,TE,16,11,24,16,185,1,11,15,0.9,170,10.6,3,4,4,2,8.3,0,103.6
234,Breshad Perriman,CLE,25,WR,10,2,25,16,340,2,13,265,16.6,75,4.7,18.4,0,,0,0,0,134.2
235,Terrelle Pryor,2TM,29,WR,8,1,30,16,252,2,11,190,11.9,62,3.9,12.4,0,,1,3.3,2,76
236,James Washington,PIT,22,WR,14,6,38,16,217,1,11,164,10.3,53,3.3,16.8,1,16,2,5.3,0,69.7
237,Jordan Wilkins,IND,24,RB,16,3,17,16,85,0,2,-20,-1.3,105,6.6,-1.5,2,8,0,0,0,87.5
238,Maxx Williams,BAL,24,TE,13,6,17,16,143,1,7,46,2.9,97,6.1,2.7,1,16,0,0,0,121.3
239,Marcell Ateman,OAK,24,WR,7,6,31,15,154,1,7,123,8.2,31,2.1,10.9,0,,2,6.5,0,73.9
240,Alex Collins,BAL,24,RB,10,10,21,15,105,1,6,8,0.5,97,6.5,1.3,4,3.8,2,9.5,0,98.3
241,Tyler Eifert,CIN,28,TE,4,2,19,15,179,1,10,125,8.3,54,3.6,9.2,1,15,1,5.3,1,101.5
242,Derrick Henry,TEN,24,RB,16,12,18,15,99,0,4,-16,-1.1,115,7.7,-0.7,3,5,0,0,0,89.6
243,Justin Jackson,LAC,22,RB,13,1,19,15,135,0,5,-17,-1.1,152,10.1,-1,1,15,1,5.3,0,96.3
244,Marshawn Lynch,OAK,32,RB,6,6,20,15,84,0,6,-6,-0.4,90,6,-0.3,1,15,4,20,0,82.1
245,Darren Sproles,PHI,35,RB,6,2,23,15,160,2,6,33,2.2,127,8.5,1.2,2,7.5,2,8.7,0,114.4
246,Luke Stocker,TEN,30,TE,16,11,21,15,165,2,10,101,6.7,64,4.3,7.8,0,,1,4.8,0,126.1
247,Josh Bellamy,CHI,29,WR,16,2,25,14,117,1,8,71,5.1,46,3.3,11.8,1,14,1,4,2,48.2
248,Jaron Brown,SEA,28,WR,16,2,19,14,166,5,9,120,8.6,46,3.3,12.8,0,,0,0,1,117.5
249,Rex Burkhead,NWE,28,RB,8,4,20,14,131,1,4,10,0.7,121,8.6,2.2,0,,0,0,1,83.5
250,DJ Chark,JAX,22,WR,11,0,32,14,174,0,6,129,9.2,45,3.2,9.8,0,,2,6.3,1,48.2
251,Royce Freeman,DEN,22,RB,14,8,20,14,72,0,2,13,0.9,59,4.2,0.8,1,14,2,10,0,75.4
252,Wayne Gallman,NYG,24,RB,15,1,22,14,89,0,5,8,0.6,81,5.8,1.3,3,4.7,2,9.1,0,72
253,Justin Hardy,ATL,27,WR,16,0,22,14,133,2,8,62,4.4,71,5.1,6.3,1,14,1,4.5,1,91.7
254,Jordan Leggett,NYJ,23,TE,15,4,24,14,114,1,6,65,4.6,49,3.5,6.7,0,,0,0,0,84.4
255,Cody Core,CIN,24,WR,14,3,28,13,160,1,7,124,9.5,36,2.8,12.5,1,13,2,7.1,1,61.6
256,Andre Holmes,2TM,30,WR,15,3,24,13,162,0,8,112,8.6,50,3.8,13,1,13,2,8.3,2,40.6
257,Hayden Hurst,BAL,25,TE,12,0,23,13,163,1,8,89,6.8,74,5.7,7.2,1,13,0,0,0,93.2
258,Chris Ivory,BUF,30,RB,13,1,21,13,205,0,7,1,0.1,204,15.7,-0.3,1,13,4,19,0,94.3
259,Keith Kirkwood,NOR,24,WR,8,1,21,13,209,2,10,160,12.3,49,3.8,13.4,1,13,2,9.5,1,107
260,Damion Ratley,CLE,23,WR,13,3,20,13,144,0,5,93,7.2,51,3.9,11.4,0,,2,10,1,65.4
261,Luke Willson,DET,28,TE,14,8,19,13,87,0,5,29,2.2,58,4.5,3.7,2,6.5,2,10.5,2,38.6
262,Dan Arnold,NOR,23,WR,10,1,19,12,150,1,9,120,10,30,2.5,10.8,0,,1,5.3,1,83.2
263,Travis Benjamin,LAC,29,WR,12,3,24,12,186,1,9,124,10.3,62,5.2,19.8,0,,3,12.5,2,55.2
264,James Develin,NWE,30,FB,16,8,17,12,61,0,3,25,2.1,36,3,2.4,0,,0,0,1,51.3
265,Ed Dickson,SEA,31,TE,10,1,13,12,143,3,6,65,5.4,78,6.5,5.5,1,12,0,0,0,152.1
266,Frank Gore,MIA,35,RB,14,14,16,12,124,1,8,9,0.8,115,9.6,1.3,5,2.4,0,0,0,117.7
267,Demetrius Harris,KAN,27,TE,15,3,25,12,164,3,9,89,7.4,75,6.3,7.7,1,12,4,16,1,92.3
268,Brandon LaFell,OAK,32,WR,6,5,16,12,135,2,9,82,6.8,53,4.4,8.3,0,,0,0,0,139.3
269,Eli Rogers,PIT,26,WR,3,3,14,12,79,0,5,39,3.3,40,3.3,4.4,1,12,0,0,0,90.2
270,Dalton Schultz,DAL,22,TE,11,7,17,12,116,0,6,50,4.2,66,5.5,4.1,2,6,1,5.9,0,89.3
271,Logan Thomas,BUF,27,TE,12,3,17,12,77,0,3,43,3.6,34,2.8,7.9,0,,1,5.9,0,79.8
272,Jeff Wilson,SFO,23,RB,6,2,15,12,98,0,5,1,0.1,97,8.1,0.5,1,12,1,6.7,1,66.1
273,Darren Fells,CLE,32,TE,16,11,12,11,117,3,6,51,4.6,66,6,4.8,1,11,0,0,0,146.9
274,C.J. Ham,MIN,25,RB,15,2,15,11,85,0,4,1,0.1,84,7.6,-0.4,2,5.5,2,13.3,0,86.8
275,Darius Jennings,TEN,26,WR,16,0,15,11,101,0,2,64,5.8,37,3.4,10.2,0,,1,6.7,1,63.5
276,Andy Jones,DET,24,WR,8,3,24,11,80,1,6,54,4.9,26,2.4,9.1,2,5.5,1,4.2,0,68.1
277,Cody Latimer,NYG,26,WR,6,2,16,11,190,1,6,167,15.2,23,2.1,19.9,0,,0,0,0,129.7
278,Brandon Marshall,SEA,34,WR,7,2,23,11,136,1,7,113,10.3,23,2.1,11.2,0,,3,13,1,63
279,Marcus Murphy,BUF,27,RB,11,1,19,11,26,0,2,-11,-1,37,3.4,1.4,2,5.5,3,15.8,1,40.9
280,Bilal Powell,NYJ,30,RB,7,7,18,11,110,1,3,26,2.4,84,7.6,4.9,1,11,0,0,1,73.8
281,Brandon Powell,DET,23,WR,6,1,17,11,129,0,6,14,1.3,115,10.5,3.4,1,11,0,0,0,87.6
282,Austin Seferian-Jenkins,JAX,26,TE,5,5,19,11,90,1,6,54,4.9,36,3.3,5,0,,0,0,1,65.7
283,LeGarrette Blount,DET,32,RB,16,8,15,10,67,0,4,-20,-2,87,8.7,-1.3,1,10,2,13.3,0,76.2
284,Deontay Burnett,NYJ,21,WR,5,1,15,10,143,0,7,118,11.8,25,2.5,10.8,1,10,1,6.7,1,69.6
285,Michael Floyd,WAS,29,WR,13,3,24,10,100,1,5,71,7.1,29,2.9,14.3,1,10,4,16.7,1,50.7
286,Marvin Hall,ATL,25,WR,16,0,19,10,149,1,5,92,9.2,57,5.7,10.9,0,,0,0,0,96.2
287,Carlos Hyde,2TM,28,RB,14,7,16,10,33,0,0,-26,-2.6,59,5.9,-0.8,0,,1,6.3,0,66.7
288,Niles Paul,JAX,29,WR,6,1,13,10,98,0,5,66,6.6,32,3.2,8.2,0,,0,0,0,97.6
289,Andre Roberts*+,NYJ,30,WR,16,1,17,10,79,1,4,62,6.2,17,1.7,9,1,10,2,11.8,2,50.5
290,Russell Shepard,NYG,28,WR,12,0,19,10,188,2,7,172,17.2,16,1.6,16.8,0,,1,5.3,2,82.7
291,Lee Smith,OAK,31,TE,16,4,11,10,73,3,5,18,1.8,55,5.5,1.8,0,,0,0,0,133.9
292,Kalen Ballage,MIA,23,RB,12,0,11,9,56,0,2,-20,-2.2,76,8.4,-1.3,0,,1,9.1,1,50
293,Austin Carr,NOR,25,WR,14,2,14,9,97,2,5,75,8.3,22,2.4,9.4,0,,0,0,0,124.1
294,Corey Grant,JAX,27,RB,5,1,12,9,67,0,5,-16,-1.8,83,9.2,-0.3,3,3,0,0,0,87.8
295,Jermaine Gresham,ARI,30,TE,13,11,12,9,94,0,6,19,2.1,75,8.3,2,1,9,2,16.7,0,97.2
296,Dontrell Hilliard,CLE,23,RB,11,0,10,9,105,0,4,15,1.7,90,10,1.9,3,3,0,0,0,110.4
297,Richie James,SFO,23,WR,13,2,14,9,130,1,4,29,3.2,101,11.2,4,3,3,2,14.3,2,78.6
298,Cameron Meredith,NOR,26,WR,6,1,10,9,114,1,4,76,8.4,38,4.2,9.2,0,,0,0,0,147.5
299,Logan Paulsen,ATL,31,TE,15,10,9,9,91,1,6,33,3.7,58,6.4,3.7,0,,0,0,0,145.8
300,Rashaad Penny,SEA,22,RB,14,0,12,9,75,0,3,2,0.2,73,8.1,0.5,1,9,2,16.7,1,55.9
301,MyCole Pruitt,TEN,26,TE,15,1,11,9,102,1,6,74,8.2,28,3.1,9.6,0,,0,0,0,135.6
302,Trey Quinn,WAS,23,WR,3,2,10,9,75,1,5,58,6.4,17,1.9,7.3,0,,0,0,1,91.7
303,Michael Roberts,DET,24,TE,8,2,20,9,100,3,5,77,8.6,23,2.6,6.3,0,,3,15,2,60.4
304,Scott Simonson,NYG,26,TE,16,4,14,9,86,1,6,55,6.1,31,3.4,4.7,0,,0,0,1,75.3
305,Rod Smith,DAL,26,RB,16,1,12,9,60,0,1,3,0.3,57,6.3,-0.4,1,9,0,0,0,85.4
306,Tavon Austin,DAL,28,WR,7,0,13,8,140,2,5,103,12.9,37,4.6,16,0,,2,15.4,1,105.8
307,Cameron Batson,TEN,23,WR,11,2,11,8,82,0,5,28,3.5,54,6.8,6.6,0,,0,0,1,55.9
308,Blake Bell,JAX,27,TE,10,4,11,8,67,0,3,29,3.6,38,4.8,5.3,1,8,0,0,0,88.1
309,Jake Butt,DEN,23,TE,3,3,13,8,85,0,4,41,5.1,44,5.5,7.5,1,8,0,0,2,41
310,Will Dissly,SEA,22,TE,4,4,14,8,156,2,5,63,7.9,93,11.6,10.1,2,4,0,0,0,135.7
311,Andy Janovich,DEN,25,FB,16,7,10,8,112,1,5,49,6.1,63,7.9,5.1,1,8,0,0,0,146.7
312,Jake Kumerow,GNB,26,WR,5,2,11,8,103,1,4,80,10,23,2.9,10.1,0,,0,0,0,132
313,Taquan Mizzell,CHI,25,RB,9,1,10,8,78,1,4,44,5.5,34,4.3,5,0,,0,0,0,132.5
314,Alfred Morris,SFO,30,RB,12,1,13,8,73,0,5,6,0.8,67,8.4,-0.3,2,4,0,0,1,44.7
315,Nick O'Leary,MIA,26,TE,12,7,10,8,86,1,6,21,2.6,65,8.1,3.9,0,,0,0,0,135.8
316,Elijhaa Penny,NYG,25,RB,14,3,9,8,50,0,1,-1,-0.1,51,6.4,0.2,1,8,0,0,0,89.8
317,Anthony Sherman*,KAN,30,RB,16,1,9,8,96,1,5,40,5,56,7,4.9,1,8,1,11.1,0,148.1
318,Erik Swoope,IND,26,TE,7,2,10,8,87,3,5,70,8.8,17,2.1,9.4,0,,1,10,0,142.5
319,Eric Tomlinson,NYJ,26,TE,15,12,14,8,72,0,3,-17,-2.1,89,11.1,3.2,2,4,2,14.3,1,41.4
320,Josh Adams,PHI,22,RB,14,5,13,7,58,0,3,-7,-1,65,9.3,-0.7,0,,2,15.4,0,65.5
321,Mo Alie-Cox,IND,25,TE,9,1,13,7,133,2,6,83,11.9,50,7.1,11.7,1,7,1,7.7,1,97.1
322,Antony Auclair,TAM,25,TE,16,10,8,7,48,0,1,40,5.7,8,1.1,5,0,,0,0,0,91.7
323,Derek Carrier,OAK,28,TE,16,2,12,7,67,1,3,51,7.3,16,2.3,8.8,0,,0,0,1,67
324,Ronald Jones II,TAM,21,RB,9,0,9,7,33,0,2,-9,-1.3,42,6,-1.6,1,7,2,22.2,0,81.9
325,T.J. Logan,ARI,24,FB,10,0,7,7,37,0,1,-2,-0.3,39,5.6,-0.3,0,,0,0,0,88.7
326,Sony Michel,NWE,23,RB,13,8,11,7,50,0,3,0,0,50,7.1,1,0,,2,18.2,0,74.1
327,JJ Nelson,ARI,26,WR,14,2,19,7,64,0,4,40,5.7,24,3.4,18.8,0,,0,0,2,7.2
328,Zach Zenner,DET,27,RB,8,1,10,7,56,0,3,-3,-0.4,59,8.4,0.6,0,,2,20,0,83.7
329,Kamar Aiken,PHI,29,WR,5,1,7,6,53,0,2,42,7,11,1.8,6.7,0,,0,0,0,98.2
330,Tommy Bohanon,JAX,28,FB,16,6,9,6,41,0,1,6,1,35,5.8,3.6,1,6,0,0,0,76.6
331,Brice Butler,2TM,28,WR,8,1,10,6,60,1,4,59,9.8,1,0.2,13.8,0,,0,0,0,110.4
332,Kenneth Dixon,BAL,24,RB,6,0,7,6,51,0,2,-3,-0.5,54,9,-0.9,1,6,0,0,0,97
333,Russell Gage,ATL,22,WR,15,0,10,6,63,0,2,44,7.3,19,3.2,10.5,0,,2,20,0,78.3
334,Rashad Greene,JAX,26,WR,8,1,8,6,60,0,3,45,7.5,15,2.5,7.5,0,,1,12.5,0,95.8
335,Xavier Grimble,PIT,26,TE,16,2,8,6,86,0,4,30,5,56,9.3,7,0,,0,0,0,109.4
336,David Grinnage,JAX,24,TE,4,2,8,6,61,0,2,43,7.2,18,3,7.9,0,,0,0,0,96.4
337,Dwayne Harris,OAK,31,WR,15,1,6,6,40,0,1,-7,-1.2,47,7.8,-1.2,1,6,0,0,0,94.4
338,Marcus Johnson,IND,24,WR,5,0,8,6,102,1,5,74,12.3,28,4.7,13.8,0,,1,12.5,0,156.2
339,Raheem Mostert,SFO,26,RB,9,0,7,6,25,0,1,-19,-3.2,44,7.3,-0.6,0,,0,0,0,81.5
340,Durham Smythe,MIA,23,TE,15,2,11,6,50,0,2,43,7.2,7,1.2,4.3,0,,0,0,1,28.6
341,Neal Sterling,NYJ,26,WR,5,4,8,6,47,0,2,18,3,29,4.8,3.9,1,6,0,0,0,89.1
342,Darren Waller,OAK,26,WR,4,0,6,6,75,0,4,19,3.2,56,9.3,3.2,1,6,0,0,0,118.7
343,Jay Ajayi,PHI,25,RB,4,3,6,5,20,0,1,-10,-2,30,6,0,1,5,0,0,0,80.6
344,C.J. Anderson,2TM,27,RB,11,3,9,5,41,1,2,-4,-0.8,45,9,-0.3,1,5,2,22.2,1,64.8
345,Malcolm Brown,LAR,25,RB,12,0,7,5,52,1,2,13,2.6,39,7.8,2.6,0,,0,0,0,132.1
346,Noah Brown,DAL,22,WR,8,2,8,5,54,0,2,34,6.8,20,4,9.4,0,,0,0,0,82.3
347,Garrett Celek,SFO,30,TE,15,1,8,5,90,2,5,47,9.4,43,8.6,11.3,0,,1,12.5,1,101
348,Corey Coleman,NYG,24,WR,8,1,8,5,71,0,5,63,12.6,8,1.6,12.5,0,,1,12.5,0,91.1
349,Tyler Conklin,MIN,23,TE,16,3,7,5,77,0,3,46,9.2,31,6.2,8.4,0,,1,14.3,0,107.4
350,Seth Devalve,CLE,25,TE,13,4,7,5,74,1,3,59,11.8,15,3,12.4,0,,1,14.3,1,105.7
351,Devonta Freeman,ATL,26,RB,2,2,7,5,23,0,0,3,0.6,20,4,0.1,1,5,1,14.3,0,75.3
352,Zach Line,NOR,28,RB,16,6,10,5,14,2,2,7,1.4,7,1.4,2.5,0,,3,30,0,95.8
353,Rishard Matthews,2TM,29,WR,8,0,9,5,24,0,1,19,3.8,5,1,5,0,,1,11.1,0,60.9
354,Ray-Ray McCloud,BUF,22,WR,10,1,6,5,36,0,2,8,1.6,28,5.6,2.2,0,,0,0,0,91.7
355,David Morgan,MIN,25,TE,11,6,6,5,36,0,2,9,1.8,27,5.4,2,0,,0,0,0,91.7
356,Brian Parker,DEN,26,TE,13,1,10,5,33,0,2,4,0.8,29,5.8,4.3,1,5,1,10,1,17.9
357,Joshua Perkins,PHI,25,TE,9,1,11,5,67,0,4,51,10.2,16,3.2,10.7,0,,2,18.2,1,27.5
358,Eric Saubert,ATL,24,TE,16,1,9,5,48,0,2,35,7,13,2.6,5.3,0,,3,33.3,0,70.6
359,Adam Shaheen,CHI,24,TE,6,4,6,5,48,1,3,35,7,13,2.6,9.8,0,,0,0,0,139.6
360,Keith Smith,OAK,26,DB,16,3,6,5,23,0,3,5,1,18,3.6,3.8,0,,1,16.7,0,82.6
361,Vyncint Smith,HOU,22,WR,7,1,10,5,91,1,3,85,17,6,1.2,19.3,0,,1,10,1,75.4
362,Jeremy Sprinkle,WAS,24,TE,16,9,9,5,41,1,3,20,4,21,4.2,6.4,1,5,0,0,0,104.4
363,Mark Walton,CIN,21,RB,14,0,8,5,41,0,1,-7,-1.4,48,9.6,-1.4,0,,1,12.5,0,75.5
364,Chad Beebe,MIN,24,WR,3,0,4,4,39,0,3,27,6.8,12,3,6.8,0,,0,0,0,107.3
365,Nick Bellore,DET,29,FB,14,4,4,4,15,0,2,1,0.3,14,3.5,0.3,0,,0,0,0,82.3
366,Jawill Davis,NYG,23,WR,7,0,8,4,40,0,3,36,9,4,1,15.9,0,,0,0,0,64.6
367,Jacob Hollister,NWE,25,TE,8,1,5,4,52,0,2,36,9,16,4,8.2,0,,0,0,0,110
368,Tyler Kroft,CIN,26,TE,5,2,6,4,36,0,4,19,4.8,17,4.3,7.2,1,4,1,16.7,1,43.1
369,Byron Marshall,WAS,24,RB,6,0,6,4,30,0,1,2,0.5,28,7,1.7,0,,0,0,0,78.5
370,Roosevelt Nix,PIT,26,RB,16,0,6,4,38,0,2,-5,-1.3,43,10.8,1.5,0,,0,0,0,84
371,Auden Tate,CIN,21,WR,7,0,12,4,35,0,2,33,8.3,2,0.5,10.2,0,,1,8.3,0,42.4
372,Robert Tonyan,GNB,24,TE,16,1,6,4,77,1,3,67,16.8,10,2.5,13.8,0,,1,16.7,0,149.3
373,Delanie Walker,TEN,34,TE,1,1,7,4,52,0,3,32,8,20,5,6.6,0,,0,0,1,41.1
374,Kevin White,CHI,26,WR,9,0,8,4,92,0,3,86,21.5,6,1.5,23.1,0,,0,0,0,91.7
375,Bobo Wilson,TAM,23,WR,5,0,5,4,52,0,2,32,8,20,5,10.8,0,,0,0,0,110
376,Javon Wims,CHI,24,WR,4,0,5,4,32,0,2,30,7.5,2,0.5,6.8,0,,0,0,0,93.3
377,Ameer Abdullah,2TM,25,RB,10,0,4,3,28,0,1,0,0,28,9.3,4.3,0,,0,0,0,93.7
378,Dwayne Allen,NWE,28,TE,13,8,4,3,27,0,2,-1,-0.3,28,9.3,8,0,,0,0,0,92.7
379,Cameron Artis-Payne,CAR,28,RB,9,0,4,3,15,0,1,0,0,15,5,-1.3,1,3,0,0,0,80.2
380,Brandon Bolden,MIA,28,RB,16,0,3,3,13,1,1,-6,-2,19,6.3,-2,0,,0,0,0,124.3
381,Ben Braunecker,CHI,24,TE,15,2,5,3,42,0,2,38,12.7,4,1.3,13.8,0,,0,0,1,47.5
382,Orson Charles,CLE,27,TE,13,2,5,3,23,0,,-1,-0.3,24,8,3.4,0,,1,20,0,71.2
383,A.J. Derby,MIA,27,TE,4,0,5,3,48,1,3,39,13,9,3,8.8,1,3,0,0,0,131.7
384,Patrick DiMarco,BUF,29,FB,16,5,4,3,62,0,2,27,9,35,11.7,6.8,0,,0,0,0,116.7
385,Tyler Ervin,HOU,25,RB,9,0,3,3,35,0,1,23,7.7,12,4,7.7,0,,0,0,0,115.3
386,Keith Ford,BUF,24,RB,2,1,5,3,21,0,1,-1,-0.3,22,7.3,-1.8,0,,0,0,0,69.6
387,Rico Gathers,DAL,24,TE,15,4,7,3,45,0,2,18,6,27,9,10,0,,0,0,0,64.6
388,Taysom Hill,NOR,28,QB,16,4,7,3,4,0,0,-1,-0.3,5,1.7,5.1,0,,2,28.6,0,50.3
389,Justin Hunter,PIT,27,WR,5,0,13,3,21,0,2,19,6.3,2,0.7,20.5,0,,0,0,0,39.6
390,Matt Lengel,CIN,28,TE,11,2,8,3,17,1,2,10,3.3,7,2.3,5,0,,0,0,0,85.4
391,Marcedes Lewis,GNB,34,TE,16,4,4,3,39,0,1,8,2.7,31,10.3,1.3,0,,0,0,0,105.2
392,Tommylee Lewis,NOR,26,WR,7,3,3,3,60,1,3,59,19.7,1,0.3,19.7,0,,0,0,0,158.3
393,Ricky Ortiz,ATL,24,FB,12,9,4,3,11,0,,-2,-0.7,13,4.3,-0.3,2,1.5,0,0,0,77.1
394,Samaje Perine,WAS,23,RB,5,0,4,3,5,0,0,-4,-1.3,9,3,-2.3,0,,0,0,0,77.1
395,John Phillips,ARI,31,TE,8,4,3,3,38,0,1,30,10,8,2.7,10,0,,0,0,0,118.7
396,C.J. Prosise,SEA,24,RB,5,0,3,3,22,0,,5,1.7,17,5.7,1.7,0,,0,0,0,97.2
397,Brian Quick,WAS,29,WR,6,3,3,3,18,0,2,17,5.7,1,0.3,5.7,0,,0,0,0,91.7
398,Stevan Ridley,PIT,29,RB,10,0,4,3,18,0,1,6,2,12,4,2.3,0,,0,0,0,83.3
399,De'Anthony Thomas,KAN,25,RB,5,0,5,3,29,1,3,-1,-0.3,30,10,13.6,0,,0,0,0,115.8
400,Jalen Tolliver,ARI,23,WR,3,1,6,3,37,0,3,23,7.7,14,4.7,13.8,0,,0,0,0,69.4
401,Darrel Williams,KAN,23,RB,6,0,3,3,27,1,1,-7,-2.3,34,11.3,-2.3,0,,0,0,0,143.7
402,Derrick Willies,CLE,24,WR,5,0,5,3,61,0,2,29,9.7,32,10.7,11.4,0,,0,0,0,102.9
403,Shaun Wilson,TAM,23,RB,5,0,5,3,5,0,,0,0,5,1.7,4.8,0,,0,0,1,25
404,Mike Boone,MIN,23,RB,8,0,3,2,1,0,0,-4,-2,5,2.5,-0.7,0,,1,33.3,0,70.1
405,Leonte Carroo,MIA,24,WR,9,0,4,2,94,1,2,58,29,36,18,26.3,0,,0,0,0,135.4
406,Jamaal Charles,JAX,32,RB,2,0,3,2,7,0,,2,1,5,2.5,1.3,0,,1,33.3,0,70.1
407,Derrick Coleman,ARI,28,RB,16,4,3,2,17,0,1,10,5,7,3.5,9,0,,0,0,0,81.2
408,Alan Cross,TAM,25,TE,14,3,5,2,9,0,1,2,1,7,3.5,2.4,0,,1,20,0,47.9
409,Ross Dwelley,SFO,23,TE,11,0,2,2,14,0,,13,6.5,1,0.5,6.5,0,,0,0,0,95.8
410,Gus Edwards,BAL,23,RB,11,6,2,2,20,0,1,3,1.5,17,8.5,1.5,0,,0,0,0,108.3
411,D'Onta Foreman,HOU,22,RB,1,0,2,2,28,1,1,18,9,10,5,9,0,,0,0,0,158.3
412,Jordan Franks,CIN,22,TE,6,0,3,2,37,0,1,23,11.5,14,7,15.3,0,,0,0,1,69.4
413,KhaDarel Hodge,LAR,23,WR,14,0,3,2,17,0,1,17,8.5,0,0,8,0,,0,0,0,81.2
414,John Kelly,LAR,22,RB,4,0,3,2,27,0,1,0,0,27,13.5,-2,0,,1,33.3,0,95.1
415,Jeremy Kerley,BUF,30,WR,1,1,4,2,7,0,,-8,-4,15,7.5,3.8,0,,1,25,0,56.2
416,Tre Madden,SEA,25,RB,14,3,3,2,35,0,1,15,7.5,20,10,8.3,0,,0,0,0,106.2
417,Chris Manhertz,CAR,26,TE,16,4,5,2,52,1,1,7,3.5,45,22.5,6.6,0,,1,20,1,78.7
418,J'Mon Moore,GNB,23,WR,12,0,3,2,15,0,1,9,4.5,6,3,6.3,0,,0,0,0,78.5
419,Detrez Newsome,LAC,24,RB,9,0,2,2,19,0,2,0,0,19,9.5,0,1,2,0,0,0,106.2
420,Jamize Olawale,DAL,29,FB,16,4,4,2,13,0,1,0,0,13,6.5,0.3,0,,1,25,0,57.3
421,Charone Peake,NYJ,26,WR,13,0,3,2,25,0,2,21,10.5,4,2,10.7,0,,1,33.3,1,52.8
422,Dion Sims,CHI,27,TE,8,4,4,2,9,0,,0,0,9,4.5,9,0,,1,25,0,56.2
423,Roc Thomas,MIN,23,RB,5,0,4,2,21,0,0,9,4.5,12,6,2,0,,0,0,0,65.6
424,De'Lance Turner,BAL,23,RB,4,0,2,2,17,0,,3,1.5,14,7,1.5,1,2,0,0,0,102.1
425,Malik Turner,SEA,22,WR,6,0,3,2,20,0,1,6,3,14,7,3.7,0,,0,0,0,85.4
426,Hakeem Valles,DET,26,TE,3,0,3,2,11,0,,10,5,1,0.5,8.3,0,,0,0,0,72.9
427,Joe Webb,HOU,32,WR,16,0,3,2,13,0,,7,3.5,6,3,5.7,0,,0,0,0,75.7
428,Charcandrick West,KAN,27,RB,3,0,3,2,37,1,2,12,6,25,12.5,5.3,0,,0,0,0,148.6
429,Nick Williams,2TM,28,WR,4,0,5,2,17,0,,12,6,5,2.5,9.4,0,,1,20,1,10
430,Terrance Williams,DAL,29,WR,3,2,3,2,18,0,1,12,6,6,3,9,0,,0,0,0,82.6
431,Alex Armah,CAR,24,FB,16,2,1,1,5,0,0,0,0,5,5,0,0,,0,0,0,87.5
432,Kenjon Barner,2TM,29,RB,9,0,1,1,3,0,0,3,3,0,0,3,0,,0,0,0,79.2
433,Victor Bolden,2TM,23,WR,6,0,4,1,10,0,1,9,9,1,1,11.8,0,,0,0,1,0
434,Tom Brady*,NWE,41,QB,16,16,1,1,6,0,0,0,0,6,6,0,0,,0,0,0,91.7
435,Drew Brees*,NOR,39,QB,15,15,1,1,1,0,0,-2,-2,3,3,-2,0,,0,0,0,79.2
436,Michael Burton,CHI,26,RB,8,1,1,1,6,0,1,0,0,6,6,0,0,,0,0,0,91.7
437,Damiere Byrd,CAR,25,WR,8,0,2,1,8,0,1,7,7,1,1,12.5,0,,0,0,0,60.4
438,Travaris Cadet,CAR,29,RB,1,0,1,1,5,0,,1,1,4,4,1,0,,0,0,0,87.5
439,Derek Carr,OAK,27,QB,16,16,1,1,-9,0,0,0,0,-9,-9,0,0,,0,0,0,79.2
440,Jehu Chesson,WAS,25,WR,12,0,2,1,7,0,1,7,7,0,0,11,0,,0,0,0,58.3
441,Sammie Coates,HOU,25,WR,12,0,2,1,12,0,1,7,7,5,5,4.5,1,1,1,50,0,68.7
442,Kirk Cousins,MIN,30,QB,16,16,1,1,-1,0,0,-7,-7,6,6,-7,0,,0,0,0,79.2
443,River Cracraft,DEN,24,WR,8,0,2,1,44,0,1,37,37,7,7,34,0,,0,0,0,95.8
444,Dane Cruikshank,TEN,23,DB,12,0,1,1,66,1,1,17,17,49,49,17,0,,0,0,0,158.3
445,Sean Culkin,LAC,25,TE,13,10,1,1,24,0,1,24,24,0,0,24,0,,0,0,0,118.7
446,Benny Cunningham,CHI,28,RB,15,0,2,1,9,0,1,-4,-4,13,13,-7,0,,0,0,1,22.9
447,Chase Daniel,CHI,32,QB,5,2,1,1,8,0,1,-6,-6,14,14,-6,0,,0,0,0,100
448,Dion Dawkins,BUF,24,LT,16,16,1,1,7,1,1,7,7,0,0,7,0,,0,0,0,135.4
449,Taylor Decker,DET,24,LT,16,16,1,1,11,1,1,1,1,10,10,1,0,,0,0,0,152.1
450,Gehrig Dieter,KAN,25,WR,4,0,3,1,22,0,1,9,9,13,13,18,0,,1,33.3,0,60.4
451,George Fant,SEA,26,T,16,7,1,1,9,0,,0,0,9,9,0,0,,0,0,0,104.2
452,Matt Flanagan,WAS,23,TE,3,1,1,1,14,0,1,7,7,7,7,7,0,,0,0,0,118.7
453,Nick Foles,PHI,29,QB,5,5,1,1,10,0,1,8,8,2,2,8,0,,0,0,0,108.3
454,Shelton Gibson,PHI,24,WR,15,0,3,1,48,0,1,48,48,0,0,33.3,0,,0,0,0,81.9
455,Mike Gillislee,NOR,28,RB,4,0,1,1,9,0,0,0,0,9,9,0,0,,0,0,0,104.2
456,Justin Hardee,NOR,24,WR,16,0,1,1,10,0,1,8,8,2,2,8,0,,0,0,0,108.3
457,Keon Hatcher,OAK,24,WR,3,0,2,1,8,0,,0,0,8,8,7,0,,0,0,0,60.4
458,Ryan Hewitt,IND,27,TE,12,2,2,1,1,1,1,1,1,0,0,3,0,,0,0,0,95.8
459,Darrius Heyward-Bey,PIT,31,WR,14,2,2,1,9,0,,-1,-1,10,10,12.5,0,,0,0,0,62.5
460,Brian Hill,ATL,23,RB,10,0,2,1,9,0,0,4,4,5,5,3.5,2,0.5,0,0,0,62.5
461,Jeremy Hill,NWE,26,RB,1,0,1,1,6,0,0,1,1,5,5,1,0,,0,0,0,91.7
462,JJ Jones,2TM,26,WR,4,0,1,1,3,0,,2,2,1,1,2,0,,0,0,0,79.2
463,Ryan Kelly,IND,25,C,12,12,1,1,-4,0,,-3,-3,-1,-1,-3,0,,0,0,0,79.2
464,Marcus Kemp,KAN,23,WR,16,0,2,1,7,0,,-1,-1,8,8,2,0,,0,0,0,58.3
465,Darvin Kidsy,WAS,23,WR,2,0,2,1,8,0,1,6,6,2,2,9,0,,0,0,0,60.4
466,Allen Lazard,GNB,23,WR,1,0,1,1,7,0,,7,7,0,0,7,0,,0,0,0,95.8
467,Khari Lee,BUF,26,TE,2,0,1,1,5,0,,-1,-1,6,6,-1,0,,0,0,0,87.5
468,Andrew Luck*,IND,29,QB,16,16,2,1,4,0,1,4,4,0,0,4,0,,0,0,0,56.2
469,Josh Malone,CIN,22,WR,9,0,5,1,12,0,1,12,12,0,0,7.2,0,,0,0,1,0
470,Marcus Mariota,TEN,25,QB,14,13,1,1,21,0,1,10,10,11,11,10,0,,0,0,0,118.7
471,Johnny Mundt,LAR,24,TE,10,0,1,1,5,0,,0,0,5,5,0,0,,0,0,0,87.5
472,Cam Phillips,BUF,23,WR,2,0,1,1,9,0,,2,2,7,7,2,0,,0,0,0,104.2
473,Spencer Pulley,NYG,25,C,13,9,1,1,-2,0,,-2,-2,0,0,-2,0,,0,0,0,79.2
474,Richard Rodgers,PHI,26,TE,7,0,1,1,7,0,1,-2,-2,9,9,-2,0,,0,0,0,95.8
475,Ben Roethlisberger,PIT,36,QB,16,16,1,1,-1,0,0,0,0,-1,-1,0,0,,0,0,0,79.2
476,Matt Ryan,ATL,33,QB,16,16,1,1,5,1,1,1,1,4,4,1,0,,0,0,0,127.1
477,Matt Schaub,ATL,37,QB,3,0,1,1,-7,0,0,-7,-7,0,0,-7,0,,0,0,0,79.2
478,Sam Shields,LAR,31,DB,16,2,1,1,12,0,1,6,6,6,6,6,0,,0,0,0,116.7
479,Bradley Sowell,CHI,29,T,16,1,2,1,2,1,1,2,2,0,0,2,0,,0,0,0,95.8
480,Joe Staley,SFO,34,LT,16,16,1,1,-5,0,,-10,-10,5,5,-10,0,,0,0,0,79.2
481,Tyrone Swoopes,SEA,24,TE,1,1,1,1,23,0,1,8,8,15,15,8,0,,0,0,0,118.7
482,Ryan Tannehill,MIA,30,QB,11,11,1,1,3,1,1,2,2,1,1,2,0,,0,0,0,118.7
483,Robert Turbin,IND,29,RB,2,0,2,1,3,0,,0,0,3,3,-3,0,,0,0,0,56.2
484,Alejandro Villanueva*,PIT,30,LT,16,16,1,1,2,1,1,2,2,0,0,2,0,,0,0,0,118.7
485,Danny Vitale,GNB,25,RB,5,0,2,1,2,0,1,2,2,0,0,1.5,0,,0,0,0,56.2
486,DeAndre Washington,OAK,25,RB,10,0,1,1,9,0,0,2,2,7,7,2,1,1,0,0,0,104.2
487,Justin Watson,TAM,23,WR,12,0,3,1,5,0,,5,5,0,0,5,0,,0,0,0,42.4
488,Derek Watt,LAC,26,FB,16,5,1,1,2,0,0,0,0,2,2,0,0,,0,0,0,79.2
489,Carson Wentz,PHI,26,QB,11,11,1,1,4,0,1,-5,-5,9,9,-5,0,,0,0,0,83.3
490,Tim White,BAL,24,WR,3,0,1,1,14,0,1,14,14,0,0,14,0,,0,0,0,118.7
491,Jonathan Williams,NOR,24,RB,3,0,1,1,1,0,,1,1,0,0,1,0,,0,0,0,79.2
492,Kyle Williams*,BUF,35,LDT,16,16,1,1,9,0,,-1,-1,10,10,-1,0,,0,0,0,104.2
493,Russell Wilson*,SEA,30,QB,16,16,1,1,-11,0,0,-10,-10,-1,-1,-10,0,,0,0,0,79.2
494,Brandon Zylstra,MIN,25,WR,16,0,2,1,23,0,1,15,15,8,8,21.5,0,,0,0,0,91.7
495,Josh Allen,BUF,22,QB,12,11,1,0,0,0,0,0,,0,,13,0,,0,0,0,39.6
496,Stacy Coley,2TM,24,WR,3,0,1,0,0,0,,0,,0,,9,0,,1,100,0,39.6
497,Pharoh Cooper,2TM,23,WR,7,0,1,0,0,0,,0,,0,,6,0,,0,0,0,39.6
498,Mason Crosby,GNB,34,K,16,0,1,0,0,0,,0,,0,,-2,0,,0,0,0,39.6
499,Jerome Cunningham,DET,27,TE,3,0,1,0,0,0,,0,,0,,3,0,,0,0,0,39.6
500,Darrell Daniels,2TM,24,TE,11,3,2,0,0,0,,0,,0,,28.5,0,,0,0,0,39.6
